crop,area,rainfall,temperature,humidity,fertilizer,season,yield
Maize,11.18,150.57,21.22,65.33,62.35,Rabi,6.503
Wheat,17.95,64.06,10.91,67.32,165.49,Zaid,1.614
Soybean,13.84,288.18,11.36,45.92,14.82,Kharif,0.902
Wheat,4.95,164.36,37.98,42.84,125.64,Zaid,2.56
Rice,10.52,68.41,39.64,84.3,224.85,Rabi,1.406
Soybean,13.98,166.29,23.89,87.85,237.17,Zaid,1.2
Sugarcane,12.9,361.08,24.84,63.34,151.02,Rabi,60.869
Sugarcane,1.94,269.59,21.58,60.22,232.11,Kharif,64.137
Tea,3.87,257.15,22.39,51.42,209.28,Zaid,1.168
Wheat,0.96,317.02,27.69,42.69,117.8,Rabi,2.769
Wheat,2.66,386.86,30.58,61.98,151.02,Zaid,2.373
Soybean,6.51,44.04,15.36,73.45,17.42,Rabi,0.779
Rice,12.63,66.98,18.52,91.05,113.13,Zaid,1.718
Maize,10.72,379.71,31.23,84.96,139.61,Zaid,4.305
Sugarcane,14.66,388.62,36.47,62.63,240.19,Kharif,47.457
Wheat,3.48,184.17,16.18,70.34,23.56,Zaid,2.335
Wheat,19.03,89.85,19.91,93.46,24.62,Zaid,1.828
Pulses,6.57,355.8,25.12,37.93,63.93,Kharif,0.812
Rice,16.25,37.99,17.25,36.21,59.56,Kharif,1.599
Rice,12.71,36.42,19.06,93.74,134.88,Kharif,1.637
Soybean,11.97,239.32,28.5,33.92,112.58,Zaid,1.315
Tea,12.78,112.37,30.31,54.51,245.3,Kharif,1.371
Maize,17.19,378.58,33.32,80.15,39.59,Zaid,3.576
Cotton,16.74,347.63,15.01,72.28,234.25,Zaid,1.136
Wheat,2.49,242.16,16.57,59.8,213.65,Zaid,2.325
Soybean,14.76,200.58,14.74,48.38,5.4,Kharif,0.929
Sugarcane,2.67,354.51,19.97,50.86,149.31,Kharif,64.727
Cotton,13.62,381.95,35.66,31.09,31.29,Kharif,1.048
Wheat,18.57,350.38,38.08,78.08,243.42,Zaid,1.95
Pulses,1.74,363.07,35.26,52.54,6.91,Zaid,0.434
Sugarcane,3.57,270.65,21.35,75.49,170.63,Zaid,61.038
Tea,4.77,96.17,19.33,71.97,67.5,Rabi,1.463
Pulses,9.57,201.46,38.48,67.22,106.5,Rabi,1.07
Wheat,19.35,303.98,27.7,90.51,160.54,Zaid,2.315
Tea,5.46,281.98,24.51,49.01,41.02,Kharif,1.449
Cotton,15.59,265.36,22.91,35.03,157.75,Rabi,1.529
Maize,18.9,192.4,24.16,72.87,145.88,Kharif,6.903
Pulses,5.63,208.38,20.19,77.78,74.57,Rabi,1.016
Tea,3.94,262.32,33.33,67.75,100.75,Zaid,1.397
Rice,11.26,328.42,24.04,82.52,1.86,Kharif,1.426
Cotton,14.75,144.49,38.3,72.92,102.55,Zaid,1.778
Rice,4.22,99.13,23.3,76.51,102.63,Kharif,2.726
Pulses,1.35,392.91,14.31,85.47,31.74,Zaid,0.473
Wheat,14.16,81.54,21.66,66.02,44.48,Rabi,2.954
Soybean,19.95,232.5,25.45,52.37,139.58,Kharif,1.915
Pulses,19.51,243.78,21.19,39.4,17.27,Rabi,0.671
Cotton,14.75,280.63,34.78,63.99,193.02,Kharif,1.77
Rice,19.58,296.59,26.3,30.73,188.93,Zaid,1.641
Wheat,15.17,126.52,18.25,89.68,161.12,Zaid,2.355
Maize,17.3,250.99,31.25,43.71,6.07,Kharif,3.607
Cotton,1.27,192.21,34.66,46.25,152.13,Rabi,1.542
Maize,19.55,287.93,16.82,79.11,46.33,Kharif,5.474
Soybean,16.57,348.03,14.73,35.17,101.86,Zaid,0.979
Tea,19.31,325.3,15.02,84.4,80.68,Zaid,1.017
Pulses,14.66,181.24,23.5,49.62,178.54,Kharif,0.888
Rice,8.25,149.13,27.85,58.69,233.21,Kharif,2.371
Cotton,11.51,102.81,19.41,38.02,106.9,Rabi,1.437
Wheat,8.48,261.5,37.38,66.43,78.79,Zaid,2.618
Rice,3.14,307.28,33.77,92.26,42.1,Zaid,1.606
Rice,14.24,71.15,14.97,69.82,59.7,Kharif,1.853
Soybean,10.41,216.85,28.05,53.69,194.41,Kharif,1.573
Wheat,3.89,36.68,38.0,85.0,234.15,Kharif,1.756
Pulses,19.17,325.63,32.3,44.26,230.94,Kharif,0.604
Sugarcane,7.21,107.92,24.61,34.63,37.69,Kharif,53.563
Soybean,0.67,237.19,35.01,77.84,185.91,Kharif,1.916
Rice,17.31,323.14,28.84,32.49,136.62,Rabi,2.055
Pulses,5.33,71.51,39.77,47.66,48.1,Rabi,0.689
Wheat,19.42,367.37,17.92,64.26,35.12,Rabi,2.373
Wheat,16.58,235.56,34.76,44.82,224.71,Kharif,2.607
Wheat,13.92,373.53,14.85,76.8,63.3,Kharif,2.642
Sugarcane,12.85,300.7,26.52,36.16,236.68,Kharif,48.389
Maize,10.27,223.94,30.15,50.53,215.03,Zaid,4.488
Cotton,18.36,389.15,14.26,49.03,123.72,Rabi,1.248
Cotton,11.33,164.4,11.41,79.13,206.33,Zaid,1.22
Maize,5.06,296.06,10.16,89.81,242.81,Rabi,3.138
Sugarcane,15.27,252.86,38.47,49.65,7.4,Rabi,41.62
Soybean,8.36,99.43,39.59,90.74,3.59,Rabi,0.789
Maize,4.85,103.52,10.51,78.0,168.14,Kharif,4.191
Wheat,11.43,38.61,31.07,89.79,177.24,Zaid,1.939
Cotton,9.45,59.62,36.58,72.35,52.96,Zaid,1.377
Sugarcane,3.7,249.0,17.33,94.94,141.61,Rabi,65.762
Maize,6.96,46.54,21.82,50.51,229.26,Kharif,4.018
Cotton,6.33,198.02,23.6,66.57,182.44,Kharif,1.99
Cotton,15.56,261.88,22.36,45.35,207.81,Rabi,1.471
Maize,15.59,385.8,35.25,78.53,13.61,Zaid,2.64
Tea,11.29,144.35,30.37,62.42,33.64,Kharif,1.49
Maize,10.59,297.09,32.86,75.6,166.47,Zaid,4.321
Soybean,17.04,101.15,23.04,60.81,33.02,Rabi,1.206
Maize,15.9,189.27,14.2,93.22,88.93,Kharif,4.748
Rice,10.65,111.6,25.25,68.65,4.24,Rabi,1.458
Tea,8.11,326.43,11.27,59.87,68.16,Rabi,1.047
Rice,4.61,378.86,24.74,47.56,90.11,Kharif,2.047
Sugarcane,15.74,361.64,12.22,40.93,165.19,Zaid,37.87
Soybean,13.23,99.67,22.68,34.13,16.96,Kharif,1.002
Rice,3.46,267.08,36.93,77.84,233.28,Zaid,1.843
Soybean,19.79,193.03,21.35,79.99,226.11,Zaid,1.265
Rice,2.1,206.79,37.48,70.77,176.62,Zaid,1.951
Wheat,19.02,59.39,30.83,64.01,96.36,Zaid,2.739
Soybean,17.18,329.78,26.43,87.97,181.84,Rabi,1.217
Sugarcane,5.44,117.3,32.1,41.92,42.73,Rabi,58.502
Wheat,12.48,393.06,10.11,58.02,169.02,Kharif,2.154
Tea,2.24,268.3,37.83,33.93,67.68,Zaid,1.081
Sugarcane,5.51,255.63,12.08,75.66,19.33,Kharif,46.059
Maize,15.26,133.28,32.63,46.53,77.46,Kharif,6.088
Sugarcane,12.54,111.28,12.9,91.11,152.66,Kharif,54.311
Maize,13.87,312.4,25.68,53.94,96.62,Rabi,6.028
Soybean,15.86,297.16,36.78,37.65,59.05,Kharif,1.302
Sugarcane,17.64,232.63,30.36,90.79,139.94,Rabi,74.849
Soybean,15.54,137.41,16.95,85.64,148.23,Kharif,1.543
Cotton,14.46,322.71,19.48,53.18,100.12,Rabi,1.765
Maize,3.58,223.49,26.07,45.31,42.19,Rabi,5.87
Maize,5.66,131.19,15.1,69.95,231.04,Rabi,4.939
Sugarcane,1.17,28.3,15.0,36.54,200.82,Kharif,35.247
Sugarcane,8.89,393.7,34.31,43.89,157.38,Zaid,38.954
Sugarcane,17.38,237.3,12.01,43.54,124.53,Zaid,50.584
Tea,7.83,305.25,27.89,30.28,134.06,Rabi,1.173
Wheat,4.09,353.35,17.33,67.77,184.67,Zaid,2.213
Sugarcane,4.65,343.11,38.01,36.73,0.87,Zaid,25.755
Rice,15.49,136.26,24.71,47.77,113.95,Zaid,2.397
Rice,12.54,33.8,11.22,51.63,236.78,Kharif,1.159
Rice,3.77,213.94,32.71,37.16,204.27,Rabi,1.774
Sugarcane,2.03,60.08,11.92,62.36,214.21,Rabi,37.01
Maize,10.55,180.56,16.15,64.99,160.98,Zaid,4.209
Rice,19.22,30.47,10.96,75.59,176.9,Rabi,1.5
Cotton,7.12,75.05,31.69,88.38,183.69,Zaid,1.226
Wheat,18.8,375.35,24.66,89.65,182.61,Rabi,2.512
Wheat,10.23,91.19,32.2,81.92,34.11,Rabi,2.246
Maize,14.24,64.15,18.95,47.0,42.56,Zaid,3.296
Sugarcane,15.84,394.82,24.83,55.71,191.02,Zaid,52.938
Maize,4.23,231.57,11.46,44.27,204.3,Kharif,4.07
Rice,7.25,184.25,24.43,59.2,124.37,Rabi,2.974
Wheat,15.38,82.5,22.12,62.41,166.59,Zaid,2.67
Tea,2.89,146.08,33.28,77.59,23.9,Kharif,1.138
Cotton,9.09,197.11,13.13,42.87,111.71,Kharif,1.676
Tea,8.14,251.55,34.95,44.15,27.02,Kharif,1.088
Soybean,19.15,262.46,36.05,42.46,47.26,Kharif,1.416
Soybean,4.04,179.06,33.94,34.42,4.49,Zaid,0.761
Rice,5.22,383.66,34.49,47.44,57.83,Zaid,1.733
Rice,13.39,32.9,39.48,70.04,14.73,Rabi,1.206
Wheat,18.74,119.91,33.33,65.29,83.11,Kharif,3.431
Cotton,9.39,245.49,20.44,58.34,139.35,Rabi,2.229
Soybean,5.43,209.5,32.87,88.32,68.06,Rabi,1.5
Pulses,4.92,29.43,36.51,48.73,201.34,Kharif,0.538
Sugarcane,3.2,132.33,18.87,55.97,163.94,Kharif,72.332
Cotton,16.26,93.83,30.44,53.48,83.78,Zaid,1.612
Wheat,11.05,143.63,30.01,60.44,30.99,Kharif,3.009
Cotton,1.66,89.1,30.62,42.55,119.05,Zaid,1.305
Maize,10.75,214.71,36.4,93.14,71.24,Zaid,4.524
Soybean,17.46,227.27,25.79,58.74,107.0,Rabi,2.15
Pulses,14.53,82.38,32.24,91.62,214.33,Rabi,0.641
Wheat,0.81,223.41,16.54,45.5,68.8,Rabi,2.808
Pulses,5.83,138.44,33.71,67.61,170.7,Rabi,1.024
Pulses,2.73,181.73,39.11,56.75,28.73,Zaid,0.679
Cotton,2.79,275.74,28.78,56.56,159.69,Rabi,1.946
Pulses,3.71,199.41,13.79,56.99,83.41,Kharif,0.968
Sugarcane,13.56,65.87,25.11,67.11,180.43,Zaid,44.538
Sugarcane,2.08,313.45,24.5,35.67,44.24,Rabi,49.725
Tea,14.51,251.14,14.58,89.71,95.89,Kharif,1.309
Pulses,4.59,209.1,12.28,59.06,134.1,Rabi,0.808
Cotton,9.9,110.39,29.36,48.78,23.62,Rabi,1.253
Pulses,17.93,254.77,31.1,62.21,44.46,Kharif,1.093
Tea,7.21,345.75,30.06,57.37,80.25,Zaid,1.153
Tea,15.3,239.78,31.94,75.47,185.56,Zaid,1.451
Cotton,10.28,389.87,17.66,35.17,210.72,Kharif,1.183
Sugarcane,19.64,265.67,24.85,57.46,8.15,Zaid,37.845
Tea,8.73,194.76,26.67,34.06,203.75,Rabi,1.244
Soybean,1.59,160.31,29.1,82.66,93.14,Zaid,1.687
Pulses,9.65,240.82,30.99,57.69,69.05,Zaid,0.899
Sugarcane,7.15,160.32,34.22,31.65,159.67,Kharif,62.914
Soybean,17.48,55.1,33.74,93.17,220.72,Zaid,0.834
Soybean,0.91,116.75,14.06,37.49,50.2,Rabi,1.258
Maize,13.76,122.95,26.89,39.9,21.69,Rabi,3.923
Tea,18.37,377.13,18.43,71.53,109.72,Kharif,1.435
Sugarcane,0.8,74.0,31.04,53.73,223.28,Rabi,56.992
Pulses,7.54,72.98,16.17,33.91,27.57,Rabi,0.484
Wheat,0.78,372.55,22.82,72.07,136.07,Kharif,3.206
Rice,5.28,332.48,31.29,92.36,105.64,Kharif,1.972
Wheat,3.91,346.03,29.09,30.4,137.79,Rabi,2.248
Wheat,18.07,107.23,14.8,56.5,134.4,Rabi,2.637
Tea,16.28,189.43,20.72,91.76,79.79,Kharif,1.634
Maize,18.83,330.0,30.06,36.09,3.36,Zaid,2.391
Tea,12.55,166.95,11.82,94.4,204.83,Zaid,1.026
Soybean,6.59,350.37,24.84,78.43,8.19,Zaid,0.95
Cotton,10.49,309.35,21.69,44.13,59.09,Rabi,1.553
Soybean,10.62,307.37,15.49,66.56,216.65,Kharif,1.37
Rice,18.68,93.91,39.03,37.32,180.54,Rabi,1.569
Pulses,11.52,247.97,39.42,52.32,135.34,Kharif,1.121
Sugarcane,13.8,200.98,33.49,44.86,202.9,Kharif,64.256
Soybean,2.08,358.16,11.98,82.43,96.55,Zaid,1.087
Rice,3.23,100.4,23.85,34.79,245.55,Zaid,1.546
Soybean,2.74,218.31,38.41,68.21,105.02,Zaid,1.539
Maize,19.65,295.49,19.4,77.49,140.03,Rabi,4.927
Wheat,9.04,296.35,33.67,31.92,114.72,Zaid,2.156
Wheat,1.11,307.04,27.69,45.1,196.65,Zaid,2.506
Rice,18.87,387.63,10.95,39.86,74.64,Rabi,1.583
Sugarcane,10.55,245.71,26.39,65.78,242.9,Rabi,66.879
Soybean,18.35,126.52,13.84,86.49,246.11,Rabi,1.182
Sugarcane,14.46,302.55,14.59,70.69,99.0,Rabi,62.857
Tea,18.31,158.14,22.71,36.79,26.4,Kharif,1.17
Maize,12.26,370.36,25.17,94.54,67.72,Zaid,4.137
Tea,14.42,336.78,16.72,81.93,9.49,Kharif,0.914
Wheat,19.88,89.91,19.03,77.39,23.25,Kharif,2.375
Rice,8.19,393.78,17.73,66.68,201.74,Kharif,1.828
Pulses,17.17,296.81,39.06,90.95,209.56,Kharif,0.656
Maize,3.28,348.12,11.87,72.02,180.65,Kharif,4.209
Maize,4.38,26.95,35.48,55.75,211.21,Zaid,2.872
Cotton,19.73,375.35,13.56,48.04,207.21,Zaid,0.941
Wheat,19.79,251.3,31.63,81.08,147.5,Rabi,3.008
Wheat,1.04,235.66,12.49,71.13,24.26,Kharif,2.151
Sugarcane,11.94,394.93,11.51,62.2,121.98,Rabi,44.286
Maize,4.21,297.47,30.99,39.52,226.22,Zaid,3.338
Maize,10.07,53.32,17.52,87.02,190.02,Zaid,3.058
Pulses,9.51,304.66,21.24,63.11,166.19,Rabi,0.874
Soybean,5.63,178.01,34.68,84.11,106.74,Zaid,1.361
Wheat,6.31,246.32,19.19,35.42,103.27,Kharif,3.087
Wheat,14.83,110.06,20.23,43.41,94.64,Kharif,3.132
Tea,9.65,47.9,27.32,36.69,62.32,Kharif,1.212
Pulses,17.48,336.82,16.55,85.06,174.62,Rabi,0.63
Soybean,17.69,337.57,11.53,73.0,8.76,Kharif,0.867
Cotton,7.61,160.41,19.66,36.91,79.45,Rabi,1.645
Wheat,16.73,308.64,10.68,66.0,77.68,Zaid,2.339
Pulses,3.42,190.91,29.01,92.1,234.16,Kharif,0.88
Pulses,19.91,336.39,35.32,56.93,181.17,Kharif,0.805
Tea,10.73,195.82,31.11,48.05,131.63,Rabi,1.594
Maize,10.73,24.59,35.54,75.01,78.0,Zaid,3.458
Tea,6.72,203.92,38.97,57.23,234.23,Zaid,1.094
Sugarcane,17.38,54.47,10.4,76.26,54.71,Rabi,48.158
Wheat,13.24,367.18,27.11,86.48,105.38,Kharif,3.029
Maize,6.54,383.05,20.26,93.24,149.74,Zaid,4.011
Tea,7.62,87.55,15.59,69.6,71.65,Zaid,1.026
Rice,5.9,126.58,10.62,89.68,216.12,Kharif,1.689
Rice,14.11,266.3,35.75,85.41,239.08,Rabi,1.722
Cotton,8.56,330.76,26.97,64.41,241.77,Kharif,1.297
Pulses,6.49,67.89,24.24,37.14,35.93,Rabi,0.619
Maize,6.13,96.16,31.99,58.05,98.83,Kharif,5.102
Sugarcane,9.6,36.01,27.12,77.08,70.93,Zaid,46.619
Rice,6.88,261.16,18.22,43.4,84.08,Kharif,2.436
Pulses,2.47,218.3,15.1,84.79,101.28,Rabi,0.79
Maize,9.27,326.86,17.98,56.43,172.61,Kharif,4.895
Tea,18.14,318.73,15.73,49.48,23.11,Zaid,0.825
Wheat,16.45,124.24,36.12,58.37,171.22,Rabi,2.769
Rice,6.84,113.57,16.16,74.51,121.53,Rabi,2.067
Soybean,5.17,147.66,38.59,36.68,64.4,Rabi,1.408
Tea,13.21,345.85,13.81,72.54,109.17,Rabi,1.239
Cotton,0.73,85.89,27.1,33.34,20.89,Zaid,0.925
Rice,0.8,241.97,39.4,73.45,59.94,Rabi,2.269
Wheat,4.93,94.87,10.23,59.72,60.26,Zaid,2.277
Tea,14.74,286.31,35.04,40.26,149.87,Rabi,1.305
Maize,19.09,100.08,19.66,90.77,188.34,Kharif,4.297
Soybean,15.68,299.69,28.85,35.17,127.92,Kharif,1.346
Maize,13.49,235.68,22.25,53.99,35.36,Zaid,4.842
Maize,15.73,280.16,11.47,47.19,63.66,Rabi,4.044
Wheat,5.27,66.12,13.76,77.01,243.04,Rabi,1.778
Cotton,14.25,242.06,33.14,58.6,184.19,Rabi,1.859
Rice,3.99,327.53,35.48,64.89,223.26,Zaid,1.574
Soybean,1.07,323.67,15.88,46.95,96.85,Zaid,1.202
Tea,14.28,371.28,12.6,76.07,186.09,Rabi,1.068
Rice,10.04,263.2,25.0,32.34,79.66,Rabi,1.923
Wheat,9.68,159.78,10.93,76.38,10.96,Rabi,1.862
Pulses,14.48,353.26,10.17,94.31,41.81,Rabi,0.551
Cotton,14.53,349.2,12.32,65.25,214.17,Zaid,1.028
Maize,14.82,32.1,21.23,57.51,184.08,Kharif,4.088
Maize,2.53,96.22,18.46,39.41,34.62,Rabi,4.115
Maize,16.48,166.15,11.58,31.17,226.78,Rabi,3.267
Wheat,18.08,358.24,26.95,62.26,45.15,Rabi,2.782
Sugarcane,6.0,64.92,28.08,36.07,244.2,Kharif,47.628
Maize,7.83,168.1,15.19,34.03,246.68,Zaid,3.222
Cotton,11.89,143.63,31.53,68.68,77.11,Kharif,2.271
Tea,15.74,389.17,29.66,65.77,33.77,Rabi,1.087
Cotton,10.75,195.73,27.07,38.93,117.1,Rabi,1.786
Tea,16.19,266.66,12.09,60.42,166.3,Zaid,1.146
Pulses,6.37,22.43,14.22,62.74,122.93,Zaid,0.457
Cotton,7.38,313.85,16.58,72.12,204.51,Rabi,1.408
Maize,8.31,224.18,24.16,37.04,23.57,Rabi,4.047
Maize,8.49,113.3,38.07,67.64,17.31,Rabi,3.773
Pulses,4.58,111.84,38.75,43.51,2.84,Zaid,0.402
Wheat,4.96,314.18,18.43,89.88,17.42,Kharif,1.89
Pulses,2.26,275.61,25.2,62.58,51.08,Zaid,0.856
Maize,19.42,71.7,30.33,69.94,131.54,Kharif,5.02
Rice,3.47,399.7,18.66,59.21,135.71,Zaid,1.784
Wheat,19.16,356.94,22.73,31.63,73.18,Zaid,2.0
Wheat,16.35,102.51,20.8,82.68,85.04,Rabi,3.048
Maize,2.75,168.97,24.41,94.2,206.44,Rabi,4.932
Maize,11.4,312.25,22.99,87.65,132.3,Rabi,5.159
Cotton,16.3,290.44,27.89,75.65,82.46,Rabi,1.746
Pulses,17.53,174.14,28.44,57.4,1.55,Kharif,0.651
Rice,12.63,183.88,11.54,43.93,214.02,Zaid,1.396
Pulses,1.37,125.08,23.72,60.42,209.65,Zaid,0.796
Rice,2.99,302.95,16.38,55.5,212.89,Kharif,2.063
Pulses,10.0,103.18,34.37,76.96,39.01,Kharif,0.841
Pulses,4.46,393.43,11.83,64.7,181.14,Rabi,0.608
Sugarcane,15.19,33.61,38.58,35.66,4.41,Kharif,25.368
Soybean,16.25,320.13,31.61,71.66,37.23,Kharif,1.572
Pulses,5.03,101.7,29.25,35.68,13.78,Zaid,0.445
Tea,9.01,27.27,23.18,53.89,127.86,Kharif,1.233
Sugarcane,9.0,270.05,39.31,91.59,79.76,Kharif,67.094
Cotton,18.97,290.61,23.89,33.82,110.63,Kharif,1.602
Wheat,6.53,312.11,15.19,48.45,167.79,Kharif,2.284
Sugarcane,7.98,362.72,36.29,77.84,176.51,Zaid,48.96
Wheat,15.4,383.47,13.09,34.8,104.07,Rabi,1.914
Pulses,1.67,319.71,36.2,50.55,160.55,Rabi,0.779
Maize,11.49,24.68,20.14,61.69,64.42,Rabi,4.064
Pulses,16.14,155.83,31.59,35.2,198.14,Kharif,0.797
Sugarcane,16.4,38.32,37.37,89.51,239.28,Rabi,37.763
Pulses,16.18,283.21,26.23,79.37,124.73,Rabi,0.91
Cotton,13.2,258.73,11.82,93.43,188.34,Kharif,1.234
Maize,16.35,76.92,20.63,50.72,89.89,Rabi,5.367
Sugarcane,7.08,342.33,25.97,82.24,199.65,Rabi,54.978
Tea,2.93,145.31,16.69,57.48,52.88,Zaid,1.576
Pulses,0.72,46.61,21.08,73.44,175.72,Kharif,0.669
Pulses,11.31,295.3,16.26,50.0,238.17,Zaid,0.622
Pulses,3.72,352.94,10.26,52.86,15.11,Rabi,0.409
Maize,0.71,285.87,37.5,30.08,191.28,Rabi,3.626
Soybean,19.14,221.22,34.74,79.02,78.3,Rabi,1.82
Pulses,14.83,80.9,26.64,73.75,247.84,Rabi,0.609
Tea,13.68,239.2,11.61,80.91,247.75,Kharif,1.091
Sugarcane,13.72,343.27,36.19,64.78,68.12,Zaid,55.056
Maize,3.26,145.73,24.28,67.78,1.11,Zaid,3.346
Pulses,14.38,54.75,39.08,38.67,70.11,Kharif,0.643
Pulses,12.31,254.35,10.78,87.59,29.48,Kharif,0.596
Sugarcane,2.67,164.6,10.29,32.35,220.77,Kharif,47.806
Wheat,8.72,293.93,29.06,81.93,195.78,Rabi,2.523
Pulses,12.78,293.72,14.7,36.68,84.17,Kharif,0.7
Tea,6.14,116.06,34.37,59.86,199.35,Zaid,1.111
Cotton,5.82,133.31,31.26,73.54,201.84,Zaid,1.706
Wheat,12.57,380.76,13.76,82.5,58.82,Kharif,2.376
Pulses,12.29,248.59,24.34,64.24,97.03,Zaid,0.883
Pulses,3.95,372.6,13.96,35.72,35.37,Zaid,0.466
Soybean,9.1,378.22,35.77,77.68,165.16,Zaid,1.124
Wheat,3.09,69.07,26.42,31.91,138.66,Zaid,2.015
Soybean,4.41,35.7,21.38,74.27,4.09,Zaid,0.635
Wheat,8.56,241.69,18.46,44.48,184.6,Kharif,2.726
Pulses,0.89,210.89,24.36,32.03,135.44,Zaid,0.656
Cotton,19.19,143.58,10.31,87.07,61.77,Kharif,1.53
Maize,10.44,271.58,34.0,79.76,204.1,Kharif,4.409
Rice,11.09,289.57,37.74,60.38,93.78,Kharif,2.595
Soybean,16.57,117.46,31.93,52.99,13.23,Rabi,1.12
Maize,12.14,341.69,27.48,37.66,124.62,Kharif,5.17
Pulses,15.82,71.98,28.09,54.07,19.77,Kharif,0.64
Tea,14.08,196.9,15.73,80.93,135.87,Kharif,1.454
Pulses,8.16,200.51,28.7,76.18,139.31,Rabi,1.083
Tea,11.26,46.22,39.34,87.32,159.14,Kharif,1.054
Pulses,6.25,342.78,27.52,49.03,146.92,Rabi,0.844
Maize,9.12,345.67,23.0,72.39,242.44,Kharif,4.362
Tea,1.34,362.54,10.5,33.44,163.23,Zaid,0.681
Wheat,1.45,289.74,20.26,94.52,15.71,Rabi,2.081
Sugarcane,11.27,361.67,35.37,92.68,189.95,Zaid,42.728
Pulses,11.96,124.92,29.45,78.27,22.9,Kharif,0.781
Sugarcane,1.46,374.1,29.83,83.27,105.48,Zaid,56.053
Cotton,10.7,50.78,34.82,45.55,172.78,Zaid,0.992
Wheat,12.85,252.13,16.55,34.85,175.45,Kharif,2.277
Maize,13.71,311.07,27.88,37.31,205.47,Zaid,3.565
Rice,16.51,237.57,27.27,68.76,62.68,Zaid,2.723
Sugarcane,12.72,166.21,15.11,81.71,159.08,Rabi,54.67
Pulses,4.39,241.02,39.98,70.01,105.06,Zaid,0.829
Rice,0.83,57.31,38.3,91.41,155.33,Rabi,1.653
Soybean,14.76,188.18,30.17,55.94,130.01,Rabi,1.883
Maize,14.53,104.0,12.15,84.71,130.71,Kharif,4.497
Pulses,13.33,158.79,12.32,75.48,79.57,Kharif,0.818
Rice,6.92,108.65,10.59,53.76,154.96,Rabi,2.044
Pulses,8.21,49.42,28.19,79.47,174.77,Zaid,0.62
Pulses,14.78,215.2,30.91,65.06,224.22,Zaid,0.748
Pulses,4.29,111.11,13.41,85.57,240.28,Zaid,0.524
Tea,13.85,382.31,23.55,37.41,88.51,Rabi,1.185
Pulses,10.0,57.84,34.03,84.04,29.57,Zaid,0.48
Soybean,3.34,373.46,27.03,70.74,105.8,Kharif,1.619
Sugarcane,6.24,62.16,20.15,76.31,19.77,Zaid,44.322
Wheat,10.53,162.27,17.7,76.33,67.83,Rabi,3.673
Pulses,0.83,88.96,23.9,30.45,56.52,Kharif,0.858
Maize,0.71,143.85,10.11,60.1,44.41,Rabi,4.54
Pulses,3.13,180.14,15.98,75.3,247.64,Rabi,0.676
Pulses,17.36,309.3,35.86,91.74,231.1,Rabi,0.61
Sugarcane,12.37,68.85,28.52,37.09,201.18,Zaid,44.176
Sugarcane,1.05,189.54,38.76,58.92,52.41,Kharif,70.066
Pulses,11.75,396.37,30.78,61.91,102.77,Kharif,0.808
Soybean,14.39,56.34,17.16,79.3,53.35,Zaid,1.075
Sugarcane,3.64,325.28,26.1,40.44,116.25,Zaid,52.676
Maize,4.88,385.48,13.49,83.02,162.68,Rabi,3.47
Pulses,5.79,81.75,24.81,43.75,183.78,Rabi,0.602
Soybean,3.81,214.97,26.18,75.33,190.18,Zaid,1.451
Sugarcane,6.51,377.8,18.35,88.6,145.66,Rabi,54.811
Soybean,17.25,302.53,11.99,30.21,149.67,Kharif,1.162
Soybean,14.22,197.44,29.26,93.3,28.92,Kharif,1.342
Cotton,16.84,97.26,14.54,36.88,209.9,Kharif,1.101
Cotton,9.35,29.49,30.73,47.8,220.76,Zaid,1.002
Cotton,13.26,345.6,17.48,94.3,65.01,Zaid,1.246
Tea,8.7,276.83,39.57,39.55,114.73,Kharif,1.172
Wheat,15.92,359.46,29.06,62.16,40.96,Rabi,2.519
Wheat,15.14,60.54,12.21,42.22,98.89,Kharif,1.872
Wheat,1.06,277.85,18.17,58.93,27.79,Rabi,2.535
Sugarcane,1.13,218.01,38.13,67.29,189.74,Zaid,55.957
Tea,4.15,398.06,19.96,39.96,135.91,Rabi,1.25
Cotton,8.7,167.87,20.36,91.61,64.81,Kharif,2.187
Cotton,3.08,342.94,33.85,75.77,42.46,Zaid,1.34
Cotton,11.68,205.89,28.42,45.0,229.24,Kharif,1.709
Tea,7.77,318.04,25.23,78.05,42.76,Zaid,1.208
Tea,4.05,399.25,12.67,93.91,102.17,Zaid,0.853
Soybean,18.43,387.78,21.03,52.5,60.93,Rabi,1.356
Sugarcane,2.54,380.67,28.01,41.29,48.83,Zaid,45.864
Rice,9.88,312.66,23.21,84.87,19.05,Rabi,1.62
Sugarcane,4.66,90.72,29.23,53.44,214.78,Rabi,53.083
Soybean,12.16,298.74,34.77,44.93,137.58,Rabi,1.443
Wheat,13.4,163.77,14.79,43.0,125.32,Zaid,2.413
Wheat,13.17,104.03,17.76,88.26,151.28,Rabi,2.718
Wheat,7.11,388.6,17.54,64.54,27.41,Rabi,1.946
Soybean,5.3,105.44,35.49,38.63,29.05,Zaid,0.951
Wheat,5.76,48.37,33.49,42.41,161.08,Zaid,1.748
Sugarcane,8.36,95.45,16.62,34.28,208.65,Rabi,42.285
Pulses,17.69,312.17,10.63,85.49,29.88,Kharif,0.545
Tea,3.97,382.13,19.82,78.15,105.57,Rabi,1.299
Maize,16.36,43.77,27.11,83.16,85.21,Zaid,3.878
Maize,5.77,189.49,20.21,93.37,200.23,Rabi,5.123
Tea,7.35,271.05,16.47,74.74,248.13,Kharif,1.198
Wheat,10.14,127.03,13.45,36.56,220.19,Kharif,2.243
Rice,11.38,160.23,22.86,77.63,165.66,Rabi,2.403
Sugarcane,18.89,49.05,33.37,83.69,123.97,Zaid,45.215
Soybean,19.31,30.97,10.72,56.97,158.07,Zaid,0.762
Rice,1.75,99.14,38.04,91.86,22.46,Zaid,1.347
Maize,5.54,30.05,13.2,86.36,10.76,Rabi,2.015
Maize,1.86,171.8,17.96,78.33,162.44,Zaid,4.431
Pulses,19.3,26.06,12.55,91.84,139.25,Rabi,0.519
Pulses,4.33,186.74,21.32,45.53,189.79,Kharif,0.948
Rice,16.87,306.34,32.26,33.16,177.17,Kharif,1.87
Sugarcane,15.89,325.8,13.22,44.88,128.01,Rabi,47.543
Soybean,17.65,175.36,32.39,61.49,235.95,Kharif,1.39
Wheat,4.44,162.46,22.69,47.33,47.96,Rabi,3.431
Tea,13.08,185.85,37.97,38.49,9.29,Zaid,0.822
Pulses,12.74,294.06,31.45,74.58,218.38,Zaid,0.708
Pulses,2.55,138.25,18.13,53.75,55.04,Rabi,0.881
Rice,7.17,162.57,12.91,60.02,240.75,Kharif,1.965
Cotton,4.96,321.98,24.3,88.25,24.42,Kharif,1.279
Wheat,15.61,32.37,30.74,43.26,139.25,Kharif,2.094
Soybean,17.54,280.99,27.07,69.6,28.12,Rabi,1.296
Wheat,2.98,190.03,24.72,46.48,135.21,Kharif,3.281
Maize,13.41,65.08,30.91,31.61,113.13,Rabi,3.815
Tea,18.58,350.76,25.27,51.2,228.04,Rabi,1.259
Soybean,17.39,54.25,20.95,42.62,82.12,Kharif,1.186
Wheat,16.81,245.39,20.79,70.52,85.38,Rabi,3.256
Tea,7.43,201.86,37.59,42.14,196.84,Rabi,1.113
Tea,6.23,270.05,33.52,57.51,34.63,Kharif,1.397
Rice,19.99,218.09,24.69,38.74,91.54,Zaid,2.214
Cotton,13.04,204.49,23.33,45.38,205.04,Rabi,1.639
Wheat,10.6,328.9,14.5,53.41,208.9,Zaid,1.786
Maize,10.24,178.53,11.98,81.64,140.95,Zaid,4.264
Rice,6.71,312.06,35.59,60.57,178.44,Zaid,1.711
Soybean,5.02,216.39,12.67,37.49,27.54,Zaid,0.919
Sugarcane,3.67,322.74,39.18,76.13,230.77,Kharif,56.156
Rice,19.69,269.11,32.94,82.67,40.83,Rabi,1.974
Sugarcane,1.8,79.62,19.92,62.03,1.57,Zaid,32.154
Rice,13.66,281.58,16.13,60.59,202.24,Kharif,1.885
Sugarcane,18.76,394.82,32.72,33.07,73.24,Zaid,45.708
Rice,7.05,165.94,24.76,60.23,78.68,Zaid,2.829
Maize,6.58,85.76,32.26,77.77,165.93,Rabi,4.994
Pulses,8.29,114.17,15.99,34.1,80.57,Kharif,0.772
Maize,15.23,23.22,32.93,58.1,20.76,Rabi,2.78
Soybean,5.5,314.77,32.71,93.95,177.47,Kharif,1.337
Tea,1.32,117.11,14.24,60.65,185.86,Rabi,1.369
Pulses,12.6,332.18,29.06,52.57,223.88,Rabi,0.639
Soybean,1.96,314.89,31.46,46.88,213.54,Zaid,1.054
Soybean,1.72,153.13,21.95,92.15,93.19,Zaid,1.454
Rice,2.08,335.84,18.19,79.07,201.17,Zaid,1.816
Sugarcane,0.58,365.08,34.12,91.25,25.17,Rabi,43.779
Tea,8.28,234.75,20.21,49.45,77.69,Kharif,1.731
Pulses,6.77,376.46,30.28,32.45,104.81,Rabi,0.739
Sugarcane,5.92,72.81,36.17,33.4,219.29,Kharif,39.034
Maize,11.58,53.73,30.73,60.07,170.95,Zaid,3.676
Tea,15.68,290.21,21.03,56.43,124.08,Rabi,1.563
Wheat,11.48,311.52,15.19,34.43,35.68,Zaid,1.931
Cotton,3.84,32.9,37.2,36.71,58.69,Rabi,1.18
Maize,19.72,241.16,26.04,36.4,79.29,Kharif,5.942
Soybean,3.0,145.58,35.93,82.8,81.64,Kharif,1.824
Soybean,1.57,376.92,30.74,76.31,88.02,Kharif,1.592
Wheat,4.83,71.17,12.13,36.14,192.46,Zaid,1.472
Sugarcane,2.36,56.02,15.97,59.77,194.55,Rabi,45.158
Maize,16.39,343.61,38.48,90.97,15.57,Zaid,2.854
Cotton,6.29,390.13,27.99,40.8,179.1,Kharif,1.426
Tea,6.16,232.17,17.55,72.3,207.06,Kharif,1.385
Soybean,13.17,334.64,21.94,32.19,226.13,Kharif,1.241
Cotton,4.19,265.73,27.45,59.73,41.07,Kharif,1.731
Cotton,12.72,292.53,29.5,52.29,139.94,Kharif,1.99
Cotton,14.36,147.22,30.48,74.01,103.97,Rabi,1.894
Wheat,12.52,256.38,10.38,52.76,7.01,Kharif,1.671
Tea,2.03,385.01,22.59,43.06,32.43,Rabi,1.081
Cotton,2.82,344.22,28.73,46.38,49.28,Kharif,1.583
Pulses,16.54,310.29,25.03,58.69,66.58,Kharif,1.013
Pulses,10.65,310.03,31.97,44.02,103.98,Zaid,0.706
Sugarcane,4.28,324.94,38.18,87.21,100.99,Kharif,60.375
Maize,1.16,34.13,14.44,57.52,242.91,Zaid,2.318
Maize,16.74,36.34,22.26,79.31,0.43,Kharif,2.678
Soybean,6.81,354.83,23.76,77.18,5.74,Rabi,0.935
Cotton,4.41,300.73,35.7,39.53,124.03,Kharif,1.589
Wheat,16.36,333.07,12.28,88.09,12.11,Rabi,1.493
Tea,5.28,111.16,14.89,77.47,22.59,Rabi,1.042
Maize,15.84,345.46,14.18,87.41,161.66,Kharif,3.988
Tea,11.72,139.87,11.19,90.39,113.01,Zaid,1.162
Maize,7.18,280.22,15.43,60.1,184.46,Kharif,4.534
Maize,2.88,20.21,26.09,85.46,227.29,Kharif,3.438
Wheat,11.89,25.37,37.22,45.64,225.59,Zaid,1.414
Rice,5.64,269.25,22.17,46.73,20.66,Kharif,1.685
Pulses,6.35,187.51,13.66,58.94,28.09,Kharif,0.726
Cotton,2.47,211.48,22.06,81.3,49.56,Kharif,1.873
Soybean,0.92,355.49,16.08,85.73,53.08,Kharif,1.219
Wheat,0.69,377.34,18.64,90.8,159.58,Rabi,2.308
Tea,7.9,298.35,16.97,92.09,104.26,Zaid,1.107
Rice,17.37,335.23,32.14,32.43,201.22,Zaid,1.423
Tea,12.71,239.63,18.38,44.68,127.84,Kharif,1.514
Rice,14.17,266.81,36.14,73.81,242.52,Rabi,2.048
Cotton,14.89,149.2,14.83,41.21,212.67,Kharif,1.334
Cotton,8.23,397.7,14.57,87.29,36.89,Zaid,0.979
Rice,18.98,63.47,11.58,51.49,230.08,Rabi,1.382
Maize,3.32,282.92,32.29,51.47,72.68,Zaid,5.18
Cotton,6.13,74.05,33.7,52.11,35.32,Zaid,1.235
Soybean,6.39,285.14,20.63,39.85,148.86,Rabi,1.554
Wheat,8.3,43.82,35.24,94.85,60.4,Rabi,2.274
Maize,15.57,56.62,16.47,73.97,101.57,Zaid,3.731
Maize,18.84,212.86,27.51,92.32,228.03,Kharif,5.056
Sugarcane,19.65,236.84,35.0,46.36,196.09,Kharif,60.223
Cotton,18.11,126.66,24.27,41.9,193.9,Zaid,1.374
Wheat,2.68,218.05,29.39,80.13,191.64,Zaid,2.606
Tea,18.54,90.18,11.87,69.96,237.48,Kharif,0.97
Rice,11.0,382.66,12.6,60.12,14.6,Rabi,1.107
Tea,6.85,218.79,18.5,73.45,69.03,Kharif,1.487
Pulses,14.83,185.17,29.91,30.71,246.38,Zaid,0.559
Wheat,11.36,389.96,38.74,58.89,215.98,Zaid,1.805
Pulses,6.89,327.74,30.8,39.28,82.02,Rabi,0.82
Wheat,16.83,220.77,34.83,38.57,149.05,Kharif,3.31
Rice,6.28,218.09,17.98,42.2,143.33,Zaid,1.955
Sugarcane,2.07,387.59,16.0,36.83,246.39,Zaid,30.921
Sugarcane,16.2,391.54,13.39,76.78,209.59,Rabi,46.9
Cotton,3.12,310.25,22.81,39.28,140.25,Rabi,1.676
Pulses,7.39,291.25,14.87,85.94,210.85,Kharif,0.673
Tea,14.47,126.22,32.07,62.15,51.86,Kharif,1.834
Cotton,11.53,250.7,23.07,52.53,178.63,Kharif,1.812
Sugarcane,11.37,174.11,31.07,53.65,170.33,Kharif,73.008
Soybean,19.74,243.55,27.16,69.71,126.63,Rabi,2.273
Rice,7.47,230.67,21.67,90.13,210.42,Kharif,2.267
Sugarcane,11.78,77.46,13.25,63.92,45.85,Zaid,47.705
Wheat,6.72,235.51,18.66,41.17,205.01,Rabi,2.359
Wheat,10.44,194.55,19.73,41.55,31.78,Rabi,2.219
Cotton,3.34,394.82,38.54,34.75,45.13,Kharif,1.247
Sugarcane,11.6,377.29,27.31,61.99,221.86,Zaid,45.086
Rice,14.27,89.51,34.16,34.46,232.44,Rabi,1.56
Wheat,12.69,356.09,18.6,57.54,62.64,Rabi,2.917
Cotton,5.3,177.14,32.99,58.84,151.44,Zaid,1.624
Tea,16.5,187.98,39.23,93.5,165.95,Kharif,1.534
Soybean,9.71,182.5,29.43,53.26,85.63,Kharif,1.611
Maize,7.71,385.59,14.22,48.69,138.43,Zaid,3.462
Maize,16.85,394.62,39.12,31.84,43.62,Zaid,2.733
Cotton,11.31,156.13,13.66,58.14,142.32,Zaid,1.542
Cotton,13.44,187.86,37.73,64.06,242.56,Rabi,1.432
Rice,14.34,217.57,15.65,30.25,224.99,Zaid,1.396
Pulses,1.93,55.29,20.53,83.02,150.94,Kharif,0.762
Maize,15.25,258.01,25.37,71.4,226.12,Rabi,4.689
Soybean,16.4,118.12,28.06,38.53,79.13,Zaid,1.416
Rice,12.37,122.72,36.92,37.1,47.12,Zaid,1.75
Pulses,13.27,167.4,36.54,46.39,238.17,Rabi,0.659
Tea,4.92,116.48,19.96,85.96,29.45,Zaid,0.908
Maize,10.01,133.9,32.51,48.95,129.09,Kharif,6.768
Rice,8.9,63.13,33.26,68.08,208.85,Rabi,1.747
Tea,1.09,66.01,34.88,87.82,169.05,Zaid,1.013
Cotton,14.83,45.33,13.74,54.28,192.67,Kharif,1.023
Rice,18.37,306.5,19.98,76.15,243.16,Zaid,1.706
Maize,15.36,136.65,30.27,56.03,208.28,Kharif,5.79
Soybean,18.59,256.87,34.04,69.12,2.59,Zaid,0.816
Maize,3.79,66.86,13.58,60.85,151.78,Rabi,3.436
Cotton,16.63,149.82,16.07,39.41,185.82,Rabi,1.61
Tea,15.02,69.88,15.79,37.7,207.52,Rabi,0.859
Sugarcane,0.62,300.77,11.78,54.22,166.29,Kharif,58.58
Maize,5.67,112.8,13.79,84.8,169.22,Kharif,4.733
Soybean,1.39,276.61,22.28,60.37,60.24,Zaid,1.499
Rice,1.58,368.91,12.34,85.41,168.44,Zaid,1.389
Wheat,2.27,134.74,20.1,84.16,22.34,Zaid,2.205
Pulses,12.69,256.08,36.66,55.79,210.26,Zaid,0.709
Cotton,15.88,87.61,24.0,74.85,163.87,Rabi,1.678
Pulses,7.32,245.95,11.06,92.22,224.93,Rabi,0.538
Cotton,1.97,338.65,16.29,76.23,158.9,Rabi,1.384
Sugarcane,13.39,349.89,39.32,91.09,116.51,Rabi,58.311
Cotton,1.69,349.63,11.01,63.73,156.98,Rabi,1.258
Sugarcane,5.3,385.93,36.99,38.22,152.13,Kharif,47.938
Pulses,1.66,395.28,16.82,77.11,238.82,Kharif,0.632
Pulses,7.37,68.13,16.07,66.13,108.15,Rabi,0.741
Pulses,19.09,49.29,13.36,69.71,58.18,Zaid,0.565
Sugarcane,17.15,372.62,20.68,84.45,25.17,Rabi,45.803
Wheat,17.19,125.05,28.88,53.7,16.91,Rabi,2.632
Cotton,11.18,275.49,35.4,38.81,126.15,Kharif,1.686
Sugarcane,5.87,22.25,19.23,62.55,38.18,Rabi,49.401
Rice,12.43,200.89,36.11,94.73,54.96,Rabi,2.584
Rice,13.78,161.51,35.71,31.73,230.04,Kharif,1.759
Rice,7.91,153.52,11.95,58.77,249.61,Rabi,1.557
Soybean,14.65,40.15,25.58,47.54,231.16,Kharif,1.074
Pulses,13.43,242.32,39.55,44.34,153.32,Rabi,0.835
Tea,19.26,291.96,15.3,56.96,148.39,Zaid,1.244
Soybean,11.69,347.35,37.07,36.17,164.61,Rabi,1.146
Cotton,15.29,224.32,14.56,88.41,207.05,Zaid,1.304
Rice,17.28,338.03,20.41,35.31,2.52,Zaid,1.013
Wheat,1.71,306.29,13.4,93.2,122.19,Rabi,2.364
Soybean,7.58,388.83,26.39,74.11,145.98,Rabi,1.461
Cotton,4.68,180.66,32.12,68.49,42.33,Rabi,2.025
Wheat,12.21,176.93,18.77,81.0,243.05,Zaid,2.139
Maize,4.33,316.99,10.51,57.69,106.19,Zaid,3.829
Cotton,19.78,231.95,18.78,42.13,239.1,Rabi,1.437
Soybean,0.85,273.4,26.25,39.81,187.87,Rabi,1.376
Tea,12.63,44.91,37.59,48.22,65.37,Kharif,1.06
Pulses,2.56,335.03,25.03,64.35,74.97,Rabi,0.766
Soybean,17.69,241.66,29.65,91.66,204.68,Zaid,1.223
Cotton,16.15,327.21,38.06,64.12,225.66,Rabi,1.217
Maize,11.84,117.21,17.54,50.63,138.67,Kharif,6.03
Wheat,2.77,359.28,25.04,82.35,129.5,Zaid,2.499
Wheat,13.96,210.84,17.15,56.72,92.15,Zaid,2.799
Tea,0.72,25.24,28.66,33.59,195.56,Kharif,0.912
Soybean,5.49,253.67,19.62,35.7,60.98,Kharif,1.411
Pulses,6.5,41.67,39.28,41.59,225.48,Rabi,0.472
Cotton,17.43,370.47,27.66,52.1,118.53,Zaid,1.501
Cotton,1.25,309.04,11.22,56.71,100.28,Kharif,1.47
Soybean,14.41,374.29,33.36,91.03,4.49,Rabi,0.756
Cotton,5.76,202.67,13.42,94.99,204.38,Kharif,1.298
Wheat,12.11,241.47,28.5,51.14,18.76,Rabi,2.639
Pulses,15.49,260.62,24.93,60.91,40.48,Kharif,0.919
Wheat,19.84,344.23,28.31,89.24,15.25,Rabi,2.09
Pulses,11.07,327.39,34.01,46.75,136.5,Kharif,0.812
Sugarcane,16.47,106.63,25.55,45.49,115.97,Rabi,66.688
Rice,7.3,228.48,14.4,58.4,65.28,Zaid,2.29
Rice,3.05,150.51,25.39,73.33,26.48,Kharif,2.458
Rice,13.68,357.21,28.19,35.22,173.31,Zaid,1.495
Wheat,5.54,75.47,26.21,84.52,184.59,Kharif,2.577
Tea,6.33,155.67,16.24,43.21,246.76,Rabi,1.171
Tea,8.48,323.54,12.54,53.84,155.29,Zaid,1.137
Sugarcane,3.54,261.42,25.29,49.61,44.05,Kharif,66.19
Rice,11.9,82.7,15.56,74.21,19.57,Zaid,1.411
Maize,7.55,253.54,19.97,66.55,215.77,Zaid,4.717
Soybean,17.68,379.52,38.83,77.51,36.54,Zaid,1.119
Tea,10.83,194.99,38.73,87.91,214.22,Zaid,1.097
Tea,10.26,187.18,17.64,41.74,16.93,Zaid,0.86
Maize,2.78,32.53,35.31,69.14,41.42,Zaid,3.411
Rice,1.55,122.48,23.2,38.65,129.15,Zaid,1.996
Pulses,10.62,299.68,37.09,86.92,40.25,Zaid,0.614
Tea,9.45,182.66,34.39,85.26,106.12,Zaid,1.359
Wheat,16.48,349.51,38.33,50.37,177.41,Kharif,2.292
Cotton,13.21,94.33,15.82,73.61,121.55,Kharif,1.916
Maize,12.35,211.57,23.85,71.23,95.62,Kharif,7.754
Wheat,8.96,110.61,18.72,44.39,124.09,Rabi,2.745
Wheat,6.55,39.18,20.32,80.83,25.1,Rabi,1.962
Pulses,2.58,138.91,39.32,57.58,246.59,Kharif,0.767
Pulses,17.91,300.81,24.28,51.9,173.33,Rabi,0.9
Cotton,4.05,289.33,35.47,67.82,140.57,Zaid,1.456
Soybean,11.19,337.4,23.67,41.05,220.05,Rabi,1.085
Rice,17.29,253.81,26.27,64.26,217.23,Zaid,1.928
Tea,6.18,375.93,23.13,65.27,25.75,Zaid,0.951
Maize,18.03,27.95,32.15,47.6,47.13,Zaid,3.021
Maize,4.2,389.57,24.67,48.15,78.71,Rabi,4.503
Cotton,10.58,381.24,37.28,49.3,7.63,Kharif,0.955
Pulses,11.82,127.95,18.09,51.03,10.59,Zaid,0.501
Soybean,7.5,298.01,12.91,57.68,104.79,Kharif,1.286
Rice,8.9,131.61,28.93,35.99,108.43,Kharif,2.328
Pulses,2.23,352.92,33.54,73.4,149.98,Kharif,0.881
Maize,14.34,381.96,11.98,62.87,155.11,Rabi,4.03
Wheat,3.03,230.74,35.13,93.09,4.44,Rabi,1.989
Rice,12.45,115.17,24.49,94.06,129.87,Kharif,2.421
Wheat,13.01,168.22,33.41,83.57,223.13,Kharif,2.75
Maize,19.68,147.3,39.47,94.06,168.01,Zaid,4.047
Soybean,0.62,243.07,16.41,61.39,53.17,Zaid,1.422
Rice,11.66,158.16,26.2,66.93,56.37,Kharif,2.824
Maize,10.85,178.14,30.93,59.43,210.15,Zaid,4.993
Wheat,17.96,227.72,30.88,48.87,100.0,Kharif,3.794
Rice,2.63,232.96,33.63,32.11,21.02,Zaid,1.314
Soybean,11.42,290.35,28.46,39.72,173.3,Rabi,1.242
Pulses,8.52,334.65,30.19,34.45,118.63,Kharif,0.753
Cotton,4.41,275.54,21.04,42.22,217.17,Rabi,1.413
Pulses,14.51,267.95,21.89,68.4,184.3,Zaid,0.812
Pulses,5.87,119.31,33.94,41.46,72.21,Rabi,0.788
Sugarcane,17.16,337.9,17.0,58.62,118.18,Zaid,58.214
Tea,17.31,361.61,18.85,34.62,156.16,Kharif,1.062
Soybean,8.08,239.06,29.53,50.22,17.84,Kharif,1.405
Maize,18.15,278.49,13.43,37.6,39.61,Zaid,3.129
Soybean,9.31,137.19,13.81,78.92,108.36,Zaid,1.297
Cotton,12.3,308.37,33.95,72.09,195.46,Rabi,1.479
Tea,14.29,267.99,33.89,77.4,177.05,Rabi,1.244
Soybean,15.39,136.58,36.05,91.33,210.19,Rabi,1.212
Wheat,18.4,183.36,37.4,38.56,171.64,Zaid,2.236
Wheat,8.23,113.61,31.23,46.33,216.18,Rabi,2.649
Maize,19.87,242.24,22.11,66.82,235.3,Kharif,5.484
Wheat,19.4,204.41,25.84,57.12,46.72,Rabi,3.411
Tea,14.2,267.51,37.63,84.71,69.37,Rabi,1.411
Tea,6.3,55.44,38.88,85.95,65.98,Rabi,1.123
Pulses,10.94,203.31,35.49,59.39,131.25,Kharif,1.062
Maize,10.78,209.12,39.38,82.11,41.65,Kharif,5.793
Maize,9.41,112.15,36.88,82.59,214.83,Zaid,3.802
Cotton,17.56,115.62,19.64,49.8,187.47,Kharif,1.574
Pulses,8.75,146.6,15.69,39.49,31.93,Kharif,0.75
Cotton,16.53,201.11,35.21,84.83,182.92,Rabi,1.565
Tea,17.63,103.73,19.36,52.03,99.92,Rabi,1.454
Pulses,13.56,344.86,23.76,92.89,78.24,Rabi,0.756
Cotton,18.52,211.64,27.11,83.59,141.01,Rabi,2.005
Wheat,3.8,133.61,17.12,90.3,69.82,Kharif,3.18
Sugarcane,0.95,256.0,33.01,91.0,231.98,Rabi,48.18
Tea,13.68,147.12,32.23,31.27,202.26,Rabi,1.233
Sugarcane,0.58,364.99,25.6,38.96,122.15,Kharif,65.503
Cotton,13.44,174.92,21.08,58.11,185.64,Zaid,1.576
Rice,3.38,397.14,12.97,44.34,80.66,Rabi,1.594
Wheat,17.23,330.6,25.88,58.46,180.91,Zaid,2.514
Maize,3.46,195.64,28.66,64.54,167.49,Zaid,5.018
Rice,13.53,241.23,16.18,76.65,94.75,Kharif,2.35
Wheat,1.63,168.21,35.97,45.62,220.82,Kharif,2.776
Pulses,14.81,195.36,23.92,73.27,139.42,Kharif,1.121
Sugarcane,3.28,359.47,20.22,32.43,45.87,Rabi,48.212
Maize,12.95,250.73,15.62,66.19,62.39,Zaid,4.35
Soybean,1.65,33.63,21.56,46.99,106.07,Zaid,1.081
Tea,8.55,299.9,11.05,37.33,226.47,Kharif,0.828
Rice,7.68,20.79,38.57,62.41,82.08,Rabi,1.627
Soybean,2.02,38.24,12.15,62.51,77.34,Kharif,1.012
Wheat,19.05,330.91,30.89,37.46,176.83,Rabi,2.589
Soybean,3.51,94.09,35.73,48.31,26.62,Rabi,1.026
Pulses,3.53,351.49,32.71,75.72,80.43,Rabi,0.708
Soybean,2.95,251.03,23.75,78.7,140.65,Kharif,2.089
Cotton,2.42,32.23,33.61,36.94,64.2,Kharif,1.16
Sugarcane,7.97,246.73,11.69,73.96,147.79,Rabi,60.189
Soybean,15.29,262.9,20.19,70.89,152.66,Rabi,1.648
Maize,9.2,81.23,11.07,46.21,178.35,Rabi,3.585
Wheat,3.65,95.95,21.01,50.6,248.97,Rabi,2.304
Tea,17.68,159.16,30.03,71.79,102.2,Kharif,1.787
Wheat,3.75,208.15,38.22,57.94,215.56,Zaid,2.415
Cotton,1.02,182.4,19.88,39.79,94.77,Kharif,1.724
Rice,14.63,221.99,25.95,71.24,212.36,Kharif,2.313
Rice,8.63,249.16,26.35,52.28,76.03,Kharif,3.408
Wheat,12.46,105.26,35.32,37.96,220.29,Rabi,2.188
Sugarcane,19.86,378.01,28.56,92.61,101.0,Zaid,53.206
Sugarcane,1.12,35.76,14.52,86.78,106.03,Rabi,43.671
Cotton,14.13,273.05,36.54,35.45,144.75,Rabi,1.473
Wheat,19.06,114.89,32.16,34.09,227.25,Zaid,1.944
Soybean,2.94,30.55,12.05,84.03,75.05,Zaid,0.876
Wheat,18.79,374.22,11.91,50.33,148.29,Kharif,2.487
Cotton,6.69,66.19,25.99,30.04,218.56,Zaid,0.975
Rice,16.99,176.4,24.43,41.81,80.33,Kharif,2.568
Pulses,16.1,367.58,19.89,89.46,156.06,Zaid,0.608
Tea,13.45,207.9,27.41,58.59,124.28,Zaid,1.541
Soybean,9.62,160.92,11.43,47.98,102.09,Kharif,1.479
Tea,12.93,239.98,39.31,92.46,65.34,Kharif,1.512
Cotton,1.17,258.89,23.25,65.21,56.96,Kharif,2.125
Pulses,2.45,236.11,26.48,90.26,19.29,Kharif,0.657
Cotton,9.71,112.37,14.87,78.55,140.88,Rabi,1.557
Cotton,14.48,166.65,22.64,31.91,179.34,Rabi,1.508
Tea,7.37,283.67,27.24,52.23,183.68,Zaid,1.176
Cotton,3.51,197.08,25.48,43.45,33.12,Kharif,1.54
Pulses,8.79,210.3,17.24,53.04,31.53,Rabi,0.754
Wheat,14.58,282.36,15.79,77.56,68.68,Kharif,2.809
Rice,19.92,66.27,26.28,34.34,163.34,Kharif,1.957
Wheat,15.03,299.46,34.54,77.27,203.27,Zaid,2.122
Maize,11.05,269.98,38.75,90.21,50.11,Zaid,4.217
Rice,13.33,316.31,17.12,51.62,238.42,Kharif,1.968
Rice,4.33,152.58,29.41,46.23,57.44,Rabi,3.076
Wheat,9.51,103.73,17.68,70.12,159.41,Zaid,2.547
Rice,8.76,382.45,13.09,70.64,110.42,Kharif,1.922
Tea,0.94,279.36,19.42,41.47,5.14,Rabi,0.819
Wheat,0.72,70.72,24.02,57.9,25.48,Kharif,2.367
Rice,14.9,194.35,10.45,40.61,184.98,Rabi,1.594
Tea,13.46,214.19,30.7,34.49,197.59,Zaid,1.084
Tea,1.58,130.76,16.74,67.26,236.42,Kharif,1.219
Rice,6.71,74.57,33.87,61.98,110.47,Rabi,2.249
Soybean,5.24,181.26,36.64,90.5,129.82,Kharif,1.417
Soybean,17.74,232.12,28.11,94.57,142.35,Kharif,1.821
Tea,9.45,165.04,10.01,55.62,77.85,Rabi,1.351
Rice,5.92,234.54,15.74,74.0,53.88,Kharif,2.735
Soybean,8.14,228.24,20.18,73.97,116.96,Zaid,1.481
Maize,17.74,100.37,37.45,36.47,27.27,Rabi,3.448
Soybean,8.65,340.34,34.62,34.74,231.88,Zaid,0.847
Tea,15.19,108.07,29.92,87.92,211.98,Rabi,1.18
Tea,2.85,262.12,11.56,71.27,110.88,Zaid,1.222
Tea,19.56,234.01,29.17,92.28,204.51,Rabi,1.334
Maize,3.99,92.76,14.95,31.46,101.63,Zaid,3.3
Pulses,14.67,179.71,21.37,93.3,161.04,Kharif,0.891
Cotton,14.81,370.2,20.83,46.17,25.2,Kharif,1.229
Maize,18.94,303.11,38.56,89.03,128.79,Rabi,4.36
Sugarcane,13.54,143.93,33.24,79.23,147.18,Kharif,84.567
Pulses,3.57,312.65,33.61,91.09,145.3,Zaid,0.66
Tea,19.53,157.97,39.22,71.95,182.73,Rabi,1.362
Sugarcane,8.29,69.98,22.96,72.63,17.81,Kharif,54.414
Rice,15.32,399.59,11.22,71.98,9.67,Kharif,1.139
Sugarcane,19.1,252.79,19.05,87.95,103.81,Kharif,76.239
Rice,19.44,59.34,29.89,76.15,73.63,Rabi,1.876
Cotton,1.83,231.81,29.81,64.02,47.99,Rabi,1.819
Cotton,15.53,133.14,15.52,53.63,0.82,Zaid,1.011
Rice,12.56,169.13,18.08,92.12,11.32,Zaid,1.39
Wheat,4.67,137.81,39.18,76.45,125.63,Rabi,3.622
Cotton,0.55,259.31,36.17,92.83,8.98,Rabi,1.074
Wheat,9.77,257.09,15.76,62.72,218.18,Zaid,2.266
Maize,10.68,266.6,27.78,84.99,120.96,Rabi,5.414
Tea,19.79,98.73,23.33,51.89,52.91,Rabi,1.658
Tea,3.45,275.91,29.05,53.19,137.26,Kharif,1.464
Rice,0.57,214.7,21.36,35.43,207.07,Zaid,1.696
Sugarcane,17.81,254.2,27.52,75.8,242.75,Rabi,59.889
Sugarcane,5.61,50.3,10.91,55.92,155.52,Rabi,44.698
Rice,16.93,37.12,30.18,72.56,25.44,Rabi,1.381
Tea,6.19,65.89,27.6,41.41,102.02,Zaid,1.034
Rice,8.1,250.86,34.36,51.81,87.39,Kharif,2.581
Cotton,18.54,133.24,19.19,93.75,2.58,Zaid,0.862
Rice,6.65,203.62,10.74,50.07,159.93,Rabi,2.005
Wheat,8.07,48.61,29.95,84.46,231.02,Kharif,2.097
Soybean,3.4,379.96,17.49,56.96,68.78,Rabi,1.202
Rice,17.34,252.55,16.18,40.73,90.45,Kharif,2.172
Pulses,11.16,152.5,27.61,82.24,203.55,Rabi,0.823
Maize,2.52,313.44,32.8,62.5,90.93,Zaid,4.125
Rice,5.33,71.56,26.91,77.26,167.78,Rabi,1.955
Sugarcane,2.81,341.69,23.5,89.17,105.46,Kharif,68.717
Pulses,12.45,383.81,37.69,43.28,209.28,Kharif,0.606
Pulses,2.51,225.15,22.75,60.61,204.65,Kharif,0.994
Soybean,2.44,96.74,10.72,85.83,107.86,Zaid,1.104
Rice,10.99,357.69,12.68,85.0,153.09,Zaid,1.542
Rice,17.44,398.7,32.14,46.29,247.95,Zaid,1.323
Tea,17.87,260.96,26.56,83.83,120.9,Kharif,1.611
Rice,1.33,84.97,19.72,67.33,166.4,Zaid,1.841
Rice,19.11,88.17,24.0,47.11,88.77,Rabi,2.104
Pulses,1.41,353.76,21.6,57.83,222.51,Rabi,0.714
Rice,6.57,50.86,31.7,57.07,229.54,Rabi,1.596
Pulses,0.61,94.67,32.6,79.92,45.56,Kharif,0.851
Maize,2.14,237.58,31.06,49.78,72.08,Zaid,4.828
Tea,17.5,244.05,17.58,67.74,168.09,Rabi,1.392
Maize,2.14,309.7,15.08,30.06,172.29,Rabi,3.726
Rice,4.01,347.14,17.84,49.64,183.18,Zaid,1.45
Wheat,16.77,270.94,28.52,90.21,225.53,Kharif,2.586
Wheat,3.86,268.34,39.35,51.05,32.84,Rabi,2.22
Maize,9.87,21.04,33.48,66.96,180.26,Kharif,3.723
Tea,15.6,173.02,39.05,77.6,216.75,Kharif,1.457
Wheat,15.79,321.97,35.44,65.1,62.39,Zaid,2.648
Tea,14.93,192.92,15.33,60.11,2.0,Rabi,0.886
Rice,4.51,307.08,26.34,41.31,226.03,Rabi,1.789
Sugarcane,5.29,138.21,26.1,55.09,168.74,Rabi,77.032
Soybean,11.94,358.41,17.03,71.18,24.17,Zaid,0.87
Cotton,5.04,137.94,36.83,78.03,231.32,Zaid,1.376
Tea,16.18,184.01,25.07,91.46,142.21,Zaid,1.433
Tea,7.21,284.22,28.56,78.63,1.37,Zaid,0.77
Maize,10.44,213.71,31.8,70.68,3.11,Kharif,4.127
Rice,11.34,151.87,21.73,50.18,96.8,Rabi,3.072
Maize,10.12,101.67,38.78,67.29,242.24,Kharif,4.039
Rice,14.46,326.05,31.99,69.34,179.34,Rabi,1.991
Soybean,19.1,179.06,11.45,38.1,207.96,Kharif,1.165
Tea,2.27,396.57,37.5,39.27,212.69,Zaid,0.848
Soybean,14.86,103.16,12.52,58.68,212.04,Kharif,1.256
Wheat,10.19,49.18,17.18,88.02,7.71,Rabi,1.238
Pulses,18.33,294.42,14.54,57.64,148.7,Zaid,0.731
Pulses,2.58,328.88,26.88,53.39,31.21,Zaid,0.631
Pulses,13.71,332.99,21.03,41.41,28.17,Rabi,0.645
Tea,7.98,383.2,29.18,72.26,22.76,Kharif,1.101
Cotton,8.06,214.11,23.53,39.29,167.06,Zaid,1.424
Cotton,12.61,283.12,30.35,31.87,169.23,Zaid,1.209
Wheat,16.69,359.04,24.97,94.06,196.8,Zaid,2.003
Wheat,17.19,379.0,28.12,86.55,176.82,Kharif,2.273
Pulses,18.58,139.69,39.74,66.69,142.55,Rabi,0.958
Wheat,17.0,31.22,13.96,31.77,4.19,Rabi,0.992
Wheat,13.17,353.21,12.53,62.93,151.92,Rabi,2.496
Pulses,10.79,238.86,12.47,72.91,159.42,Zaid,0.726
Rice,10.22,283.87,36.85,78.96,130.07,Rabi,2.174
Pulses,1.88,104.32,15.36,52.7,159.27,Rabi,0.782
Cotton,8.81,182.38,13.8,91.59,243.64,Rabi,1.178
Wheat,15.78,111.16,24.64,79.24,149.44,Kharif,3.286
Sugarcane,9.9,160.43,33.32,94.27,194.54,Zaid,56.391
Sugarcane,18.08,190.51,36.23,54.81,25.39,Zaid,55.553
Rice,17.58,266.02,11.12,79.4,131.74,Rabi,1.88
Rice,15.24,312.2,28.56,62.59,149.28,Rabi,2.675
Tea,19.72,119.87,21.81,42.14,117.85,Zaid,1.319
Rice,2.56,397.35,17.09,54.33,53.5,Kharif,1.962
Tea,19.81,371.12,18.73,49.75,12.19,Kharif,0.882
Sugarcane,19.38,136.45,22.94,67.21,185.43,Zaid,70.973
Maize,14.92,295.92,19.24,46.56,184.8,Kharif,4.705
Maize,10.72,57.02,14.16,35.69,23.98,Kharif,2.87
Cotton,13.63,261.3,29.62,31.76,55.23,Zaid,1.363
Cotton,6.38,260.07,34.89,54.54,185.47,Rabi,1.765
Sugarcane,3.06,113.79,31.79,37.24,226.24,Kharif,51.736
Pulses,3.8,238.87,12.69,72.96,135.13,Kharif,0.902
Sugarcane,2.54,300.68,13.41,44.08,201.67,Zaid,41.718
Sugarcane,4.63,116.03,33.53,51.3,25.29,Rabi,52.971
Rice,13.5,193.73,16.69,54.48,25.97,Rabi,1.784
Rice,13.32,106.56,27.68,68.2,241.84,Rabi,1.942
Tea,12.31,258.64,22.61,78.07,159.53,Zaid,1.368
Rice,7.63,105.7,34.04,86.9,113.5,Rabi,2.084
Maize,5.42,295.03,23.5,58.98,100.04,Kharif,5.913
Sugarcane,18.12,289.57,21.83,38.69,14.68,Kharif,45.751
Cotton,2.6,335.49,25.1,72.52,218.29,Rabi,1.427
Soybean,6.42,112.42,33.74,43.78,49.98,Zaid,1.245
Sugarcane,2.73,33.69,37.29,72.92,223.91,Zaid,33.492
Maize,7.58,369.86,21.22,61.08,110.98,Kharif,5.344
Cotton,1.01,72.42,32.49,51.98,131.44,Zaid,1.243
Tea,3.44,265.75,11.66,72.5,96.59,Rabi,1.381
Cotton,11.06,155.81,22.95,91.28,11.0,Kharif,1.299
Tea,15.91,85.95,20.51,64.92,184.08,Rabi,1.16
Tea,10.46,328.17,12.7,47.3,232.53,Rabi,0.853
Soybean,8.09,51.68,14.15,67.95,23.24,Rabi,0.947
Pulses,15.95,230.04,35.47,40.03,8.49,Rabi,0.535
Soybean,1.16,44.38,12.06,42.76,91.73,Rabi,1.024
Maize,6.14,253.08,25.72,84.76,241.84,Kharif,4.73
Pulses,16.8,267.21,14.56,31.94,233.58,Zaid,0.482
Sugarcane,16.25,73.54,33.11,35.12,43.17,Kharif,52.092
Soybean,7.96,394.76,11.47,43.78,52.54,Kharif,1.071
Rice,2.13,103.88,18.82,83.85,91.82,Rabi,2.211
Cotton,17.36,362.75,12.64,61.79,151.92,Kharif,1.423
Sugarcane,7.49,228.74,14.35,89.36,26.88,Kharif,56.795
Cotton,18.12,78.2,11.69,67.04,188.33,Rabi,1.133
Sugarcane,3.94,97.04,32.04,86.22,134.46,Kharif,71.545
Tea,13.7,373.92,28.63,53.26,144.57,Kharif,1.487
Pulses,19.26,319.43,21.23,54.04,78.42,Kharif,0.945
Sugarcane,8.43,367.8,22.98,49.65,104.83,Kharif,63.671
Rice,4.83,69.82,28.37,94.23,225.64,Kharif,1.593
Wheat,10.34,214.0,20.32,85.97,144.4,Rabi,3.349
Tea,1.99,389.45,38.25,62.52,46.49,Kharif,1.273
Cotton,10.02,227.27,24.75,49.46,132.51,Zaid,1.795
Sugarcane,19.62,144.36,17.05,63.93,128.57,Rabi,71.867
Wheat,6.9,318.22,34.52,40.56,201.77,Kharif,2.526
Wheat,9.92,243.65,17.86,71.46,224.29,Kharif,2.829
Rice,0.84,396.67,16.63,74.92,229.69,Zaid,1.444
Soybean,12.73,363.14,10.37,40.23,115.69,Rabi,0.952
Wheat,6.15,136.49,28.98,74.31,155.92,Zaid,3.05
Pulses,19.53,128.01,18.2,65.72,187.59,Rabi,0.884
Rice,9.26,223.35,22.69,40.24,29.77,Rabi,1.803
Pulses,19.78,204.91,28.67,93.8,189.91,Kharif,0.883
Sugarcane,8.3,82.11,22.76,73.68,208.95,Zaid,43.413
Wheat,10.08,272.63,27.93,69.69,23.17,Kharif,2.858
Soybean,15.5,84.9,25.68,88.8,152.82,Zaid,1.222
Soybean,15.9,85.79,13.43,73.66,130.09,Rabi,1.319
Sugarcane,1.14,128.99,27.88,53.7,16.23,Kharif,55.337
Rice,6.72,231.58,14.77,39.95,173.88,Kharif,1.988
Maize,15.96,227.77,17.74,69.36,74.73,Kharif,5.59
Sugarcane,15.42,94.34,24.86,88.3,246.75,Kharif,51.71
Cotton,16.24,254.77,15.03,72.33,142.74,Rabi,1.48
Wheat,15.95,219.54,22.59,49.19,178.89,Kharif,3.18
Tea,17.05,368.71,17.56,88.21,84.7,Rabi,1.121
Maize,2.82,103.7,39.84,50.63,40.39,Zaid,3.68
Wheat,0.68,393.47,39.02,69.92,46.16,Zaid,2.054
Pulses,16.06,66.49,39.67,44.58,144.59,Kharif,0.67
Soybean,3.75,196.88,32.59,61.56,21.05,Zaid,1.198
Maize,6.83,304.59,13.24,81.83,19.57,Zaid,2.62
Tea,15.77,255.88,27.98,45.06,104.13,Rabi,1.531
Tea,4.49,386.63,15.46,70.74,231.79,Zaid,0.866
Pulses,7.61,168.56,21.84,89.16,188.06,Zaid,0.675
Tea,15.65,312.52,32.52,83.88,57.09,Zaid,1.234
Maize,5.65,59.53,19.79,55.45,191.99,Kharif,4.195
Cotton,1.81,317.88,20.28,77.93,104.01,Rabi,1.755
Sugarcane,18.94,326.46,18.23,63.97,202.57,Kharif,55.189
Soybean,4.04,134.4,14.71,52.33,150.63,Rabi,1.6
Rice,8.4,166.5,25.2,76.19,142.36,Zaid,2.914
Maize,0.69,286.29,13.84,77.11,157.16,Rabi,4.195
Tea,11.75,85.85,16.59,78.59,114.44,Rabi,1.288
Sugarcane,9.94,156.86,38.04,45.99,30.86,Zaid,48.701
Cotton,10.06,370.81,30.87,69.72,90.54,Zaid,1.526
Soybean,2.03,334.15,22.09,77.54,169.64,Rabi,1.521
Tea,10.61,45.29,23.63,86.88,5.05,Rabi,0.742
Cotton,13.6,140.32,16.31,71.77,106.47,Zaid,1.652
Maize,15.55,60.02,14.91,88.42,155.86,Zaid,3.32
Rice,8.55,61.17,30.31,66.82,87.01,Zaid,1.802
Soybean,13.55,259.08,20.73,73.62,69.58,Zaid,1.476
Cotton,12.06,74.45,29.36,78.46,227.84,Rabi,1.347
Soybean,15.75,154.42,36.85,47.36,84.34,Rabi,1.578
Sugarcane,14.58,210.04,36.67,37.52,48.75,Rabi,66.473
Tea,3.5,152.01,36.74,49.28,50.1,Zaid,1.338
Soybean,6.81,381.47,14.77,30.19,29.74,Zaid,0.752
Soybean,3.67,356.9,26.09,33.3,130.13,Zaid,1.185
Rice,5.25,276.38,35.27,35.41,190.92,Kharif,1.94
Sugarcane,15.92,184.43,22.59,85.76,44.94,Rabi,60.574
Cotton,15.46,336.54,28.73,78.78,222.64,Rabi,1.305
Pulses,5.74,189.95,16.51,79.77,49.36,Kharif,0.944
Wheat,5.47,381.96,29.52,60.96,194.39,Zaid,2.347
Cotton,6.73,249.43,29.34,86.05,29.84,Zaid,1.441
Cotton,14.74,137.64,13.33,92.87,171.58,Zaid,1.206
Wheat,1.38,105.0,28.42,38.82,67.57,Rabi,2.614
Sugarcane,13.38,361.53,20.42,71.18,97.23,Rabi,63.249
Tea,9.15,228.47,21.53,36.61,18.37,Zaid,0.944
Pulses,9.47,20.36,33.75,48.66,42.26,Kharif,0.543
Sugarcane,14.67,117.95,30.45,55.55,233.49,Zaid,55.826
Wheat,12.19,68.92,14.85,51.06,160.92,Kharif,2.674
Tea,14.95,358.52,29.92,32.63,38.55,Zaid,0.928
Pulses,12.32,214.88,29.06,79.1,114.12,Kharif,0.893
Wheat,10.03,272.73,30.2,32.85,52.44,Zaid,2.336
Soybean,4.25,150.14,29.1,94.74,64.53,Rabi,1.613
Maize,9.32,301.76,17.92,87.71,13.05,Kharif,3.332
Rice,3.56,198.58,35.83,79.86,139.54,Zaid,2.283
Maize,7.23,291.6,33.92,65.44,149.89,Rabi,4.879
Pulses,19.46,199.66,15.98,78.14,80.1,Kharif,0.916
Wheat,5.71,131.94,12.7,45.94,196.79,Kharif,2.471
Sugarcane,15.9,190.29,38.76,66.65,106.3,Zaid,65.628
Soybean,18.87,141.93,36.44,60.08,148.32,Rabi,1.465
Maize,1.04,81.64,10.49,44.43,139.58,Kharif,3.843
Maize,11.37,216.38,34.72,79.76,193.73,Zaid,4.814
Pulses,7.39,222.7,35.7,91.65,37.71,Rabi,0.762
Wheat,2.99,148.04,16.57,90.88,80.94,Kharif,3.092
Sugarcane,9.3,336.01,37.26,58.9,169.81,Rabi,64.54
Wheat,3.69,80.23,10.74,36.16,162.74,Kharif,1.979
Pulses,4.18,175.53,25.0,43.29,196.64,Zaid,0.709
Pulses,8.57,234.22,23.66,83.75,121.61,Zaid,0.89
Wheat,19.62,65.26,36.5,65.15,140.33,Kharif,3.061
Tea,12.48,284.36,13.84,73.98,96.4,Rabi,1.297
Rice,13.12,374.05,36.42,55.44,164.09,Rabi,2.019
Rice,0.88,108.31,10.04,53.6,123.46,Zaid,1.832
Tea,10.95,186.36,29.93,82.47,179.06,Kharif,1.644
Sugarcane,1.53,270.59,27.72,46.37,129.38,Zaid,60.615
Sugarcane,18.85,154.38,17.48,63.2,14.14,Kharif,54.043
Cotton,5.81,251.37,33.64,62.31,154.77,Rabi,1.793
Pulses,10.43,185.98,17.21,85.12,217.92,Zaid,0.678
Maize,7.59,285.31,29.53,88.61,75.89,Zaid,5.129
Pulses,13.17,62.09,18.48,30.15,141.86,Rabi,0.516
Rice,6.24,221.72,30.33,49.97,167.36,Zaid,2.285
Sugarcane,19.07,72.52,28.61,30.68,126.58,Zaid,48.949
Tea,17.67,399.56,15.83,71.06,15.82,Zaid,0.83
Pulses,3.95,186.58,19.46,85.14,164.33,Zaid,0.758
Tea,18.38,286.75,36.91,48.44,114.41,Kharif,1.424
Maize,12.74,33.52,14.34,37.31,144.23,Kharif,3.383
Wheat,19.78,130.48,15.44,60.52,77.64,Zaid,2.55
Maize,4.19,105.49,13.5,90.75,70.16,Rabi,4.825
Pulses,4.9,286.02,12.53,39.36,92.29,Kharif,0.694
Maize,4.66,228.96,30.5,31.16,31.47,Rabi,3.934
Soybean,16.85,280.28,30.66,64.2,154.82,Kharif,1.666
Wheat,15.67,247.87,25.42,48.3,164.53,Zaid,2.85
Soybean,9.09,157.0,13.94,70.59,105.41,Kharif,1.745
Wheat,5.93,312.5,14.06,43.8,154.66,Zaid,2.155
Rice,14.53,284.66,18.58,44.75,137.83,Kharif,1.961
Soybean,13.89,263.88,23.54,43.86,23.38,Kharif,1.3
Wheat,14.42,75.65,29.71,39.88,192.14,Zaid,1.841
Tea,19.32,262.47,38.87,77.77,244.86,Rabi,1.145
Tea,14.34,153.15,33.13,57.17,248.56,Kharif,1.181
Soybean,19.7,74.65,16.92,69.96,249.22,Rabi,1.06
Maize,9.05,204.58,14.06,82.63,202.62,Rabi,4.292
Pulses,8.83,153.4,17.55,64.21,121.77,Zaid,0.848
Rice,0.97,271.45,38.3,45.93,3.29,Kharif,1.41
Cotton,6.75,99.61,27.67,36.79,167.49,Kharif,1.61
Pulses,12.29,246.47,23.05,54.24,135.42,Zaid,0.959
Sugarcane,5.66,179.01,13.56,82.75,31.37,Rabi,54.074
Cotton,5.65,44.75,30.04,31.3,238.38,Kharif,0.929
Rice,11.71,335.01,37.37,55.46,77.19,Zaid,2.115
Rice,0.65,67.09,27.89,31.07,180.3,Kharif,1.624
Cotton,12.03,293.7,25.48,78.66,154.7,Rabi,1.864
Rice,13.53,210.45,16.28,68.65,156.04,Rabi,2.258
Soybean,0.97,162.17,31.63,82.77,234.0,Zaid,1.269
Tea,11.8,356.17,39.2,69.49,48.7,Rabi,1.22
Sugarcane,10.89,244.35,15.99,34.63,100.87,Rabi,60.233
Pulses,6.94,28.26,18.25,69.73,212.25,Kharif,0.548
Soybean,3.83,170.43,16.05,38.83,230.31,Zaid,1.037
Maize,4.24,117.49,22.33,33.62,153.0,Rabi,4.408
Wheat,15.55,73.79,33.98,37.15,240.61,Zaid,1.529
Rice,9.54,109.91,37.5,89.7,22.82,Kharif,1.494
Sugarcane,4.07,304.7,15.3,71.57,238.99,Kharif,51.599
Soybean,6.67,320.73,32.73,82.77,87.4,Zaid,1.391
Tea,3.25,20.96,39.73,32.04,160.9,Zaid,0.677
Rice,5.35,42.38,13.46,53.94,236.11,Zaid,1.1
Tea,5.07,139.1,34.89,55.25,203.48,Rabi,1.355
Maize,13.66,146.04,28.14,85.14,60.64,Rabi,6.79
Tea,6.89,318.27,31.66,48.19,241.94,Zaid,0.973
Sugarcane,19.38,42.59,10.04,47.88,79.64,Kharif,44.04
Maize,7.32,159.37,28.18,66.29,188.32,Zaid,5.258
Cotton,15.81,335.97,32.19,92.61,212.52,Zaid,1.117
Cotton,3.54,155.59,31.41,61.55,70.62,Kharif,2.274
Wheat,19.26,203.26,36.86,93.52,183.1,Kharif,2.793
Cotton,5.51,341.72,39.34,61.11,35.62,Zaid,1.318
Sugarcane,10.13,29.51,35.7,61.05,67.89,Zaid,39.484
Soybean,2.41,396.67,12.53,79.35,248.24,Rabi,0.856
Tea,17.01,200.23,32.19,65.11,74.24,Zaid,1.69
Rice,10.79,328.68,33.57,35.79,238.0,Rabi,1.367
Maize,19.48,77.45,12.18,69.28,16.11,Zaid,2.543
Tea,16.4,212.7,33.2,90.84,26.06,Rabi,1.193
Tea,3.42,353.88,20.35,46.12,112.43,Zaid,1.299
Sugarcane,19.51,54.76,27.08,42.85,237.89,Kharif,42.851
Sugarcane,19.07,352.2,25.82,66.87,35.62,Rabi,58.098
Tea,7.76,239.89,35.8,49.3,82.2,Rabi,1.432
Pulses,3.95,233.79,30.82,30.18,190.72,Zaid,0.651
Tea,18.74,103.42,34.15,38.68,159.49,Kharif,1.133
Cotton,17.09,28.3,21.74,65.01,186.51,Zaid,1.088
Cotton,4.38,298.76,34.25,85.52,152.1,Rabi,1.479
Maize,6.39,258.33,38.18,36.35,42.86,Kharif,4.273
Wheat,13.83,97.22,29.69,46.36,166.14,Rabi,2.466
Rice,10.75,196.76,23.05,56.18,30.46,Rabi,2.345
Maize,10.83,264.04,33.45,71.45,39.3,Kharif,5.429
Wheat,6.71,74.96,20.24,86.74,182.16,Zaid,2.296
Rice,3.02,384.11,31.33,35.76,147.5,Zaid,1.932
Sugarcane,7.89,367.55,16.56,63.16,249.84,Kharif,51.409
Pulses,6.55,20.62,20.54,46.02,98.02,Zaid,0.529
Sugarcane,17.66,269.3,22.09,32.02,202.84,Rabi,53.399
Sugarcane,15.35,52.5,12.65,31.48,126.23,Rabi,43.465
Cotton,1.79,291.92,24.07,35.93,104.51,Kharif,1.778
Rice,9.3,298.39,30.34,33.37,73.58,Kharif,2.104
Tea,5.27,40.5,32.34,64.52,63.08,Rabi,1.15
Sugarcane,15.62,371.51,14.98,55.86,170.02,Zaid,50.853
Soybean,6.06,56.46,33.26,31.86,246.65,Zaid,0.761
Wheat,2.11,144.18,39.7,56.6,188.87,Rabi,2.821
Rice,14.35,37.44,31.33,93.12,217.92,Kharif,1.647
Cotton,14.5,150.05,35.09,72.11,143.31,Rabi,1.876
Soybean,13.08,44.87,34.78,69.55,27.38,Kharif,1.024
Pulses,5.22,26.66,12.9,69.83,128.52,Rabi,0.537
Tea,1.69,186.88,33.34,85.69,3.09,Zaid,0.911
Cotton,19.48,24.86,13.75,33.0,198.74,Zaid,0.727
Rice,18.25,376.47,20.66,59.93,23.84,Zaid,1.514
Tea,11.48,264.65,36.15,44.69,80.43,Rabi,1.369
Maize,12.54,306.14,11.06,44.08,127.86,Kharif,4.187
Cotton,19.59,370.11,22.07,36.53,55.33,Rabi,1.482
Cotton,3.93,135.83,34.56,57.44,167.97,Zaid,1.691
Soybean,12.51,187.66,32.82,80.18,158.68,Kharif,1.562
Cotton,2.75,23.86,31.0,93.23,213.0,Zaid,0.898
Maize,1.55,290.1,22.59,69.43,66.84,Kharif,5.929
Tea,10.04,288.65,17.64,75.52,119.37,Kharif,1.534
Cotton,8.93,127.67,11.8,76.76,232.27,Kharif,1.362
Rice,1.68,51.0,12.44,84.98,95.92,Rabi,1.535
Maize,17.77,169.84,26.24,78.6,189.65,Kharif,5.858
Soybean,18.96,321.68,15.74,52.33,26.79,Rabi,1.174
Tea,6.96,185.57,20.46,35.58,112.6,Zaid,1.322
Cotton,6.96,262.01,34.29,59.12,29.44,Kharif,1.518
Soybean,6.0,270.47,32.17,31.97,138.91,Rabi,1.286
Rice,19.89,25.71,36.37,34.16,183.35,Rabi,1.164
Tea,17.9,72.32,23.61,35.78,159.62,Kharif,1.173
Soybean,4.92,339.32,14.13,79.53,136.83,Rabi,1.304
Soybean,2.93,201.24,14.31,72.4,247.36,Rabi,1.102
Cotton,2.55,333.7,33.46,81.93,153.9,Zaid,1.361
Maize,14.44,206.82,17.84,90.69,81.09,Rabi,4.875
Rice,13.99,398.24,20.68,79.57,148.29,Kharif,2.049
Maize,11.35,116.83,26.48,90.68,109.06,Kharif,5.977
Wheat,8.74,207.5,12.11,50.16,220.35,Rabi,2.044
Sugarcane,12.33,196.16,26.31,79.84,128.03,Rabi,82.877
Cotton,13.46,244.78,35.97,94.17,186.29,Rabi,1.504
Soybean,6.3,399.26,33.68,65.88,111.63,Zaid,1.281
Soybean,10.71,145.67,35.39,65.25,130.51,Rabi,1.841
Cotton,11.92,43.37,13.14,75.52,92.67,Rabi,1.271
Tea,3.49,349.62,23.2,84.47,133.61,Kharif,1.509
Rice,12.14,164.42,15.15,40.15,43.29,Zaid,1.575
Tea,8.24,198.4,19.65,90.68,11.97,Rabi,1.068
Soybean,9.42,145.6,14.06,80.27,60.48,Kharif,1.64
Wheat,7.19,355.93,30.29,80.59,166.43,Kharif,2.73
Wheat,11.85,182.61,32.6,43.58,156.2,Zaid,2.551
Soybean,4.67,109.21,32.54,78.8,11.34,Rabi,1.088
Sugarcane,11.11,230.82,19.93,89.84,134.45,Kharif,78.535
Maize,13.38,91.13,35.44,90.97,21.86,Rabi,3.28
Sugarcane,1.14,343.46,21.15,89.54,36.07,Kharif,52.198
Cotton,3.92,258.68,37.3,88.0,50.91,Zaid,1.521
Soybean,5.53,218.5,33.49,38.54,41.91,Kharif,1.395
Cotton,3.39,326.11,21.13,85.6,14.58,Zaid,1.062
Sugarcane,0.51,383.24,10.25,53.72,220.3,Zaid,38.418
Soybean,15.78,343.71,16.13,58.66,51.49,Zaid,1.093
Maize,6.04,35.92,35.53,67.67,216.94,Rabi,3.531
Rice,8.77,68.88,12.45,39.0,99.84,Kharif,1.609
Wheat,12.99,110.92,21.53,43.97,185.61,Zaid,2.263
Pulses,2.39,266.88,14.44,74.83,180.42,Zaid,0.658
Wheat,1.78,199.5,12.19,45.25,176.81,Zaid,2.437
Maize,3.03,43.82,29.11,51.92,65.11,Kharif,5.213
Maize,13.26,267.45,13.36,63.67,34.24,Rabi,4.35
Wheat,18.98,51.21,15.84,30.86,187.41,Kharif,1.628
Tea,3.8,68.11,16.14,64.52,165.16,Rabi,1.248
Pulses,12.58,48.95,36.12,79.78,100.48,Rabi,0.705
Sugarcane,8.99,372.45,10.23,77.4,92.02,Kharif,51.735
Soybean,11.55,86.12,17.37,80.91,144.78,Zaid,1.135
Rice,4.59,148.66,26.91,87.63,186.83,Rabi,2.303
Sugarcane,3.84,296.72,20.27,30.03,4.52,Kharif,35.86
Sugarcane,3.98,66.37,21.63,44.59,122.8,Rabi,58.12
Sugarcane,8.92,223.97,15.86,62.65,149.85,Rabi,72.965
Cotton,2.88,115.04,13.15,82.71,201.4,Rabi,1.344
Soybean,19.26,87.61,15.08,58.84,29.43,Kharif,1.101
Sugarcane,7.53,345.92,31.91,40.12,52.03,Kharif,64.424
Rice,16.99,245.43,16.89,76.72,72.05,Zaid,2.331
Sugarcane,5.32,258.25,17.48,30.9,33.96,Rabi,42.361
Pulses,4.43,311.2,11.02,46.57,155.71,Zaid,0.603
Soybean,0.85,326.21,29.17,33.91,158.28,Zaid,1.179
Cotton,1.27,203.3,38.57,65.64,52.09,Zaid,1.758
Maize,8.97,372.43,15.51,40.05,102.84,Zaid,3.335
Cotton,5.85,159.04,36.82,30.67,4.86,Rabi,0.946
Pulses,12.25,271.71,29.01,44.2,186.9,Zaid,0.639
Maize,7.28,308.55,36.22,32.74,104.33,Rabi,4.1
Maize,4.6,23.9,32.97,46.87,163.13,Zaid,3.194
Sugarcane,19.73,31.85,32.87,46.31,126.21,Zaid,40.549
Sugarcane,4.13,149.74,12.84,69.88,177.93,Rabi,63.566
Tea,1.66,214.2,19.05,55.29,146.83,Kharif,1.984
Maize,12.38,287.18,28.69,40.33,242.2,Rabi,3.746
Cotton,15.74,335.11,17.55,81.64,34.05,Kharif,1.312
Sugarcane,8.57,88.35,25.67,41.02,37.33,Zaid,47.327
Soybean,10.81,364.98,12.05,65.4,8.22,Rabi,0.765
Sugarcane,4.82,155.12,28.66,33.32,59.56,Zaid,57.198
Cotton,14.53,305.06,17.31,49.65,21.73,Zaid,1.039
Rice,14.17,273.84,35.76,45.76,168.48,Rabi,2.095
Cotton,1.08,358.62,14.67,76.05,139.41,Zaid,1.21
Sugarcane,11.3,20.44,12.83,35.71,42.18,Rabi,30.836
Tea,7.69,134.66,15.66,54.43,9.37,Kharif,1.029
Rice,7.11,39.43,22.8,31.02,7.52,Rabi,0.935
Cotton,2.21,35.33,31.08,62.33,79.64,Kharif,1.403
Soybean,6.06,192.27,23.39,63.83,246.4,Rabi,1.479
Cotton,8.93,363.13,26.5,88.52,59.82,Kharif,1.697
Wheat,10.79,181.58,12.59,72.19,208.5,Zaid,1.895
Wheat,8.91,259.94,29.31,54.45,13.32,Rabi,2.242
Cotton,2.78,257.41,11.33,53.13,47.65,Kharif,1.577
Tea,1.32,279.76,17.64,52.26,146.75,Zaid,1.223
Tea,7.61,82.66,13.42,38.3,132.92,Kharif,1.111
Tea,3.99,42.79,37.22,92.23,237.16,Rabi,0.757
Rice,5.04,226.34,30.82,89.29,145.18,Kharif,2.717
Pulses,18.44,130.44,27.03,90.17,50.77,Zaid,0.91
Sugarcane,11.09,350.18,35.59,59.66,147.51,Kharif,69.329
Tea,18.51,318.21,12.94,61.15,179.54,Rabi,1.07
Cotton,3.15,398.91,32.56,61.57,167.65,Zaid,1.248
Soybean,16.67,383.44,16.04,78.77,1.92,Zaid,0.702
Rice,12.67,182.01,36.8,91.37,125.46,Kharif,2.409
Sugarcane,11.58,246.29,22.04,36.58,88.73,Kharif,63.967
Pulses,18.48,49.27,12.94,62.74,110.06,Zaid,0.564
Wheat,14.6,163.25,25.45,59.76,205.49,Kharif,3.136
Pulses,17.62,308.96,12.51,37.11,238.17,Zaid,0.472
Soybean,4.53,336.37,28.07,76.87,209.09,Kharif,1.532
Maize,16.58,254.71,27.81,51.36,156.43,Kharif,5.967
Sugarcane,18.62,188.5,23.51,78.67,55.8,Kharif,83.634
Sugarcane,7.24,210.7,37.69,42.61,77.18,Rabi,70.458
Tea,4.09,100.41,11.53,86.65,168.52,Kharif,1.188
Soybean,9.95,161.36,21.85,89.74,208.01,Kharif,1.515
Wheat,9.52,85.46,39.05,53.28,174.68,Rabi,2.543
Soybean,8.05,182.69,18.91,32.26,81.67,Zaid,1.339
Wheat,12.92,56.13,32.44,73.68,46.84,Rabi,2.273
Rice,4.55,391.32,18.86,37.64,17.13,Zaid,1.098
Sugarcane,4.95,360.75,26.28,67.66,41.64,Zaid,54.042
Maize,9.28,334.28,33.84,33.64,232.17,Zaid,3.129
Rice,6.63,341.39,23.69,48.19,233.22,Kharif,1.645
Pulses,10.8,335.78,22.58,60.29,126.44,Kharif,0.983
Cotton,14.37,395.93,18.33,77.95,39.35,Zaid,1.256
Tea,11.08,335.82,12.02,86.69,132.97,Kharif,1.137
Sugarcane,13.17,35.57,31.73,35.56,139.38,Rabi,50.866
Sugarcane,19.13,154.95,24.27,53.75,68.4,Zaid,74.641
Maize,6.17,270.26,19.95,51.34,223.98,Rabi,4.206
Tea,15.98,54.22,24.25,64.33,99.09,Zaid,1.065
Cotton,3.86,71.07,34.18,75.01,152.95,Kharif,1.617
Maize,15.09,355.43,34.72,76.76,214.94,Kharif,3.974
Maize,11.26,310.33,27.15,70.16,41.89,Rabi,5.516
Wheat,15.34,359.99,12.32,80.84,14.71,Rabi,1.535
Rice,13.47,128.88,19.19,73.24,27.85,Kharif,2.199
Cotton,7.0,304.61,10.58,31.18,85.68,Rabi,1.165
Rice,0.81,131.4,28.96,31.7,221.9,Kharif,1.805
Tea,14.85,218.17,32.26,33.13,156.93,Rabi,1.295
Tea,8.3,49.29,29.58,72.68,15.53,Kharif,0.817
Soybean,15.13,387.27,27.18,59.67,135.67,Kharif,1.53
Maize,5.96,264.67,34.79,53.28,190.81,Kharif,4.845
Tea,16.44,218.24,28.29,60.68,195.37,Rabi,1.387
Maize,19.88,110.4,22.56,91.48,172.37,Zaid,4.606
Cotton,16.56,268.29,30.64,89.45,64.53,Zaid,1.537
Sugarcane,15.14,236.09,25.55,44.99,243.23,Rabi,57.712
Pulses,19.04,246.84,26.02,78.91,215.3,Kharif,0.933
Wheat,8.9,352.64,18.74,33.03,3.15,Kharif,1.455
Sugarcane,7.29,238.81,30.53,35.07,200.67,Zaid,52.006
Cotton,14.26,394.7,22.81,34.17,166.43,Zaid,1.04
Maize,19.34,262.88,28.3,88.64,226.55,Rabi,4.243
Rice,5.24,156.21,24.65,90.07,193.99,Zaid,2.02
Tea,3.33,213.83,32.45,69.2,155.39,Zaid,1.295
Tea,17.05,133.27,29.73,36.58,66.54,Kharif,1.506
Cotton,11.56,25.98,21.8,58.94,186.61,Kharif,1.327
Cotton,6.09,315.86,32.73,83.26,172.1,Rabi,1.401
Maize,11.5,56.48,17.69,55.48,105.0,Zaid,3.961
Soybean,5.18,261.46,37.94,58.1,70.79,Rabi,1.539
Rice,11.6,228.15,12.8,49.3,231.9,Kharif,1.66
Rice,2.1,282.55,20.41,30.27,73.72,Rabi,2.07
Soybean,14.0,181.41,38.81,85.41,110.22,Zaid,1.452
Tea,12.92,196.49,27.09,43.09,132.43,Zaid,1.313
Tea,12.3,209.01,19.19,38.01,90.66,Zaid,1.127
Soybean,17.98,58.42,39.96,52.6,107.18,Zaid,1.064
Rice,8.0,181.38,29.0,32.03,32.87,Zaid,1.683
Sugarcane,1.36,137.14,33.86,69.3,27.48,Zaid,51.016
Sugarcane,2.62,292.3,34.5,40.76,136.85,Kharif,65.78
Soybean,2.37,84.11,24.01,58.96,75.0,Zaid,1.434
Pulses,5.98,98.57,37.54,88.84,182.52,Rabi,0.628
Cotton,12.01,264.68,24.03,93.59,173.83,Kharif,1.815
Rice,9.68,330.56,27.86,76.02,86.46,Zaid,2.003
Wheat,12.25,114.28,31.68,80.71,121.87,Rabi,3.011
Maize,17.27,293.91,26.05,65.88,237.79,Rabi,4.478
Pulses,11.27,20.91,26.71,48.79,243.07,Zaid,0.417
Pulses,3.54,256.64,18.69,72.03,145.77,Zaid,0.751
Pulses,8.78,163.58,36.45,87.1,86.58,Rabi,0.976
Maize,0.92,102.46,35.93,37.79,28.99,Rabi,3.442
Sugarcane,1.77,348.63,27.29,89.08,12.8,Rabi,44.706
Maize,17.37,61.01,13.65,55.89,59.17,Rabi,3.938
Rice,6.91,101.83,17.4,84.86,187.55,Zaid,1.615
Pulses,0.68,264.26,19.15,42.09,99.02,Kharif,0.892
Pulses,7.85,301.18,12.08,38.26,199.41,Kharif,0.612
Rice,2.05,81.21,28.02,86.28,245.88,Kharif,1.7
Sugarcane,8.74,122.06,18.05,39.19,111.8,Rabi,60.508
Soybean,14.23,51.9,14.6,63.26,106.23,Zaid,1.003
Maize,5.88,314.35,37.61,32.17,198.8,Zaid,3.469
Cotton,7.51,325.59,23.85,76.44,205.84,Kharif,1.453
Pulses,15.25,170.49,11.99,47.28,31.18,Rabi,0.67
Sugarcane,7.57,134.45,35.38,41.26,245.14,Kharif,52.859
Pulses,17.14,48.85,21.76,34.4,110.09,Zaid,0.583
Tea,18.64,34.81,26.02,38.83,154.98,Zaid,0.814
Soybean,12.81,38.95,37.81,91.51,245.38,Rabi,0.791
Wheat,3.76,128.46,30.85,52.74,146.46,Rabi,3.613
Tea,19.31,386.71,31.95,81.24,134.66,Kharif,1.45
Wheat,4.46,303.69,22.18,30.01,65.66,Kharif,2.534
Rice,1.46,238.03,13.08,75.49,165.29,Kharif,2.434
Maize,9.83,207.94,17.16,36.52,144.46,Kharif,5.311
Soybean,7.48,285.28,11.9,63.77,149.28,Zaid,1.031
Wheat,14.91,351.12,38.58,54.93,56.59,Kharif,2.83
Rice,16.74,155.26,37.89,39.67,235.01,Kharif,1.854
Cotton,13.86,353.81,13.93,73.69,140.61,Zaid,1.259
Sugarcane,2.36,301.02,16.0,63.9,222.8,Kharif,53.397
Maize,10.13,358.87,19.54,30.37,74.05,Rabi,3.918
Pulses,1.74,187.52,10.17,53.25,108.09,Zaid,0.764
Soybean,18.2,225.14,34.7,84.66,138.64,Zaid,1.256
Cotton,19.95,93.94,24.48,45.7,208.03,Rabi,1.29
Soybean,15.55,188.56,12.38,92.11,169.31,Rabi,1.241
Cotton,10.33,382.08,36.82,57.87,185.78,Kharif,1.535
Pulses,5.31,294.11,17.79,58.35,53.56,Zaid,0.759
Pulses,19.33,326.67,14.94,77.34,21.59,Kharif,0.555
Sugarcane,15.56,40.69,20.46,74.67,74.83,Zaid,55.454
Pulses,2.3,247.95,16.43,75.89,68.63,Rabi,0.922
Soybean,16.76,107.29,10.64,62.62,154.81,Kharif,1.496
Tea,15.6,386.8,33.59,58.82,142.47,Kharif,1.411
Rice,12.16,110.65,38.39,44.27,190.96,Zaid,1.768
Tea,9.95,168.07,10.81,35.91,7.89,Zaid,0.653
Sugarcane,7.93,372.72,15.86,38.7,152.15,Zaid,44.474
Tea,1.22,211.11,32.96,44.33,90.15,Kharif,1.599
Pulses,19.73,137.69,33.47,93.52,8.46,Zaid,0.515
Tea,8.38,391.38,35.96,71.65,152.89,Rabi,1.121
Tea,14.83,394.53,30.85,55.27,185.2,Rabi,1.252
Rice,10.36,349.92,39.85,42.57,204.86,Zaid,1.399
Soybean,3.49,229.66,29.35,90.29,112.97,Kharif,1.67
Maize,6.73,83.77,31.5,64.81,150.14,Rabi,4.433
Sugarcane,7.72,315.37,27.89,71.06,77.34,Zaid,65.41
Pulses,15.14,160.88,21.49,76.16,24.04,Kharif,0.765
Pulses,16.92,206.96,14.56,53.67,188.68,Zaid,0.659
Rice,1.74,282.18,23.03,42.95,241.64,Rabi,1.69
Maize,11.7,100.93,22.4,34.19,195.81,Zaid,3.544
Soybean,7.84,187.83,28.84,33.68,198.76,Kharif,1.437
Sugarcane,14.6,68.79,26.79,61.36,203.84,Zaid,49.395
Rice,8.47,330.07,19.69,93.19,246.84,Kharif,1.645
Rice,19.25,135.39,31.3,77.37,6.39,Zaid,1.463
Maize,9.19,159.89,35.56,54.24,216.27,Kharif,5.146
Soybean,2.48,289.78,33.81,88.5,214.91,Zaid,1.038
Wheat,18.45,40.54,11.67,73.98,207.73,Kharif,1.777
Soybean,0.97,165.37,13.5,31.62,223.61,Rabi,1.027
Sugarcane,9.08,54.18,27.34,54.32,78.73,Zaid,53.906
Soybean,11.82,288.54,20.43,62.83,168.85,Kharif,1.529
Rice,12.73,93.8,27.17,36.22,221.33,Kharif,1.796
Sugarcane,2.6,81.11,11.71,93.79,247.16,Kharif,42.277
Soybean,13.43,334.29,36.77,78.71,178.3,Kharif,1.241
Sugarcane,15.27,313.81,29.65,69.13,134.83,Rabi,77.269
Maize,16.96,301.57,14.15,75.04,80.79,Kharif,4.935
Wheat,4.8,253.02,16.81,89.77,176.66,Kharif,2.541
Tea,11.96,70.14,11.4,52.18,19.7,Rabi,0.794
Pulses,8.33,51.96,19.07,86.8,63.2,Zaid,0.598
Tea,11.34,236.24,33.66,46.29,87.07,Rabi,1.365
Soybean,11.24,127.35,37.77,73.14,114.64,Rabi,1.711
Cotton,9.42,184.09,20.72,93.92,140.93,Kharif,2.041
Wheat,12.06,349.38,11.86,47.56,230.41,Zaid,1.606
Pulses,4.23,392.07,19.91,67.73,150.87,Zaid,0.707
Wheat,17.11,196.74,38.14,70.65,93.15,Kharif,3.261
Pulses,12.64,238.84,26.25,46.84,65.19,Zaid,0.939
Rice,0.86,58.02,10.1,48.53,41.05,Zaid,1.254
Maize,6.27,114.27,11.32,86.08,119.47,Rabi,3.843
Cotton,1.44,189.33,27.35,40.58,185.97,Kharif,1.529
Soybean,13.8,223.65,24.41,51.72,40.3,Zaid,1.461
Soybean,12.94,173.75,21.02,84.57,141.43,Rabi,1.49
Maize,14.96,205.77,19.62,88.72,151.69,Zaid,4.441
Tea,15.14,115.41,33.27,49.2,4.48,Zaid,0.742
Maize,7.41,313.67,36.35,79.78,181.15,Rabi,4.236
Soybean,7.5,179.55,38.06,46.61,204.83,Kharif,1.337
Sugarcane,11.21,176.31,33.9,35.95,188.92,Zaid,44.357
Rice,1.27,53.97,37.5,69.78,40.52,Zaid,1.587
Maize,15.81,142.99,36.68,55.72,52.73,Kharif,6.166
Tea,5.0,280.23,22.42,51.66,152.02,Zaid,1.299
Soybean,1.18,115.49,33.55,78.05,108.22,Rabi,1.698
Cotton,5.35,397.64,23.4,44.86,129.48,Kharif,1.641
Maize,15.29,122.96,37.12,49.64,193.36,Rabi,5.064
Pulses,14.87,218.49,26.68,68.92,63.5,Zaid,0.862
Rice,10.79,287.0,10.23,32.79,8.44,Zaid,0.881
Sugarcane,11.25,78.46,27.46,86.05,47.61,Zaid,52.663
Pulses,4.31,342.23,26.34,55.76,112.06,Kharif,1.039
Cotton,17.5,51.26,24.36,76.33,57.2,Kharif,1.577
Rice,8.48,293.65,31.44,40.72,84.0,Zaid,1.839
Cotton,19.73,173.48,15.87,88.17,139.06,Zaid,1.575
Tea,9.47,203.97,16.55,49.37,47.95,Zaid,1.232
Rice,2.05,72.19,11.85,55.13,32.42,Zaid,1.266
Tea,5.39,307.42,21.68,72.04,149.81,Rabi,1.764
Wheat,19.99,133.05,36.19,67.63,201.18,Rabi,2.702
Wheat,17.52,335.28,31.71,83.67,182.09,Rabi,2.487
Soybean,6.07,276.04,22.55,40.93,178.14,Kharif,1.466
Maize,9.1,199.06,10.44,66.08,59.04,Kharif,4.891
Rice,7.34,191.89,39.82,53.65,62.49,Rabi,2.273
Pulses,19.91,311.96,39.2,65.92,86.23,Kharif,0.928
Wheat,2.3,299.25,13.74,75.07,108.31,Kharif,3.15
Tea,7.28,339.15,38.92,60.47,129.68,Kharif,1.397
Wheat,14.77,21.73,23.36,78.36,167.08,Kharif,2.376
Soybean,10.84,251.96,37.28,43.77,139.15,Zaid,1.291
Soybean,8.8,284.87,12.45,59.15,170.04,Rabi,1.36
Sugarcane,1.67,105.86,17.3,78.73,66.25,Zaid,59.056
Wheat,4.57,211.54,18.08,69.66,155.5,Zaid,2.782
Soybean,10.16,136.39,15.3,42.78,125.97,Kharif,1.621
Tea,18.11,266.24,27.55,36.85,216.86,Kharif,1.231
Wheat,13.47,223.01,36.08,45.58,132.38,Kharif,2.866
Cotton,11.64,361.19,25.01,38.34,223.89,Kharif,1.348
Rice,8.26,150.41,31.87,58.51,14.92,Kharif,1.88
Rice,10.57,305.43,32.76,76.72,25.3,Rabi,1.827
Cotton,4.67,142.04,23.84,41.78,169.13,Rabi,1.566
Soybean,10.55,199.88,23.46,33.84,73.55,Rabi,1.53
Tea,3.4,335.19,38.34,61.63,164.44,Zaid,1.084
Soybean,1.15,95.35,14.89,43.09,171.58,Kharif,1.191
Pulses,18.21,159.3,26.38,62.31,46.13,Rabi,0.866
Soybean,12.66,254.18,30.79,30.67,78.32,Kharif,1.446
Maize,17.7,215.11,36.77,70.93,176.0,Kharif,5.578
Sugarcane,18.69,241.58,39.45,39.01,58.67,Zaid,53.333
Pulses,10.19,103.24,30.22,92.62,66.84,Rabi,0.862
Cotton,18.02,363.01,26.5,45.19,184.78,Rabi,1.353
Soybean,1.84,30.17,22.36,31.85,141.06,Kharif,1.204
Pulses,11.18,360.69,12.66,50.7,17.93,Rabi,0.478
Soybean,0.62,254.31,28.48,85.72,171.63,Kharif,1.585
Wheat,2.39,226.18,35.41,47.03,81.69,Rabi,3.235
Cotton,7.57,352.01,35.04,65.4,87.83,Kharif,1.678
Cotton,7.17,20.53,36.41,93.02,70.35,Rabi,1.112
Pulses,11.9,238.12,19.98,80.12,244.07,Zaid,0.695
Pulses,15.25,200.39,30.11,54.92,146.64,Rabi,1.138
Tea,18.78,304.14,20.5,39.69,133.3,Zaid,1.151
Cotton,12.46,273.73,11.44,85.82,244.34,Kharif,1.125
Cotton,0.83,344.78,12.83,67.93,182.29,Kharif,1.413
Pulses,3.16,226.95,37.06,51.6,219.44,Rabi,0.775
Soybean,15.93,238.65,10.22,35.51,191.89,Kharif,1.093
Pulses,10.99,99.82,34.29,88.77,176.28,Kharif,0.687
Soybean,4.03,96.29,20.12,88.35,245.94,Zaid,1.123
Pulses,1.23,308.55,18.48,84.64,158.93,Rabi,0.776
Pulses,13.34,202.31,28.35,65.86,194.62,Zaid,0.771
Pulses,17.26,100.73,16.23,52.79,186.22,Zaid,0.629
Soybean,1.89,197.55,29.28,45.04,90.81,Zaid,1.498
Soybean,11.64,200.57,10.33,73.0,151.1,Zaid,1.305
Tea,6.93,27.45,28.42,34.32,164.59,Kharif,0.999
Cotton,17.06,250.18,20.03,82.31,147.71,Kharif,2.18
Sugarcane,17.53,67.6,13.47,51.87,23.16,Kharif,43.425
Maize,19.95,122.1,12.87,51.14,159.62,Zaid,4.341
Cotton,15.34,290.7,25.31,31.67,246.49,Rabi,1.2
Maize,18.12,225.04,27.36,83.46,105.04,Zaid,5.819
Sugarcane,5.68,307.75,33.1,52.54,205.91,Rabi,55.417
Pulses,7.12,333.96,23.26,64.79,58.4,Rabi,0.853
Sugarcane,4.36,202.28,12.79,90.76,194.65,Zaid,45.066
Maize,2.62,283.51,15.48,94.05,8.23,Rabi,3.018
Sugarcane,17.25,220.52,12.19,36.17,56.63,Rabi,55.98
Maize,1.93,107.1,28.87,42.6,130.17,Zaid,4.523
Pulses,17.95,282.59,30.22,38.74,194.52,Kharif,0.755
Cotton,10.13,252.95,17.52,65.13,107.41,Zaid,1.658
Soybean,11.59,363.54,12.02,93.39,125.15,Rabi,1.066
Maize,1.49,236.33,27.27,33.06,172.14,Rabi,4.48
Rice,6.82,113.6,21.56,48.2,164.42,Rabi,2.329
Sugarcane,8.09,338.28,12.28,39.78,84.53,Kharif,54.234
Maize,8.02,128.2,30.52,60.76,180.84,Zaid,5.638
Pulses,5.54,334.82,32.4,43.86,198.85,Rabi,0.704
Cotton,15.01,67.02,38.69,40.51,167.0,Zaid,1.019
Tea,4.95,295.86,13.04,63.19,109.24,Rabi,1.279
Tea,11.61,299.21,15.37,51.01,111.45,Rabi,1.238
Sugarcane,3.46,192.76,32.68,82.61,167.65,Kharif,73.619
Wheat,2.79,79.8,30.77,77.47,114.93,Kharif,3.386
Wheat,1.88,272.51,39.0,89.0,110.53,Zaid,2.42
Tea,12.97,375.43,35.48,83.55,78.77,Kharif,1.326
Tea,2.71,313.64,35.39,94.42,7.15,Rabi,0.798
Maize,17.48,267.7,31.04,92.55,147.23,Kharif,5.991
Cotton,7.18,102.61,39.14,77.46,95.52,Zaid,1.39
Soybean,7.08,57.9,36.87,37.07,34.05,Rabi,0.889
Pulses,14.7,252.39,18.78,93.12,48.89,Kharif,0.852
Sugarcane,8.48,388.61,26.77,34.64,90.95,Kharif,57.766
Cotton,7.1,156.85,35.68,70.43,153.44,Kharif,2.066
Cotton,14.4,33.93,21.35,90.06,157.31,Kharif,1.265
Tea,18.17,45.29,10.92,91.06,117.12,Zaid,0.739
Cotton,6.77,70.65,13.77,65.67,100.18,Rabi,1.396
Cotton,17.78,226.59,17.46,51.55,0.03,Rabi,1.085
Rice,16.64,375.86,16.71,44.69,212.95,Rabi,1.415
Tea,16.22,289.66,21.09,45.37,105.3,Kharif,1.46
Maize,13.94,52.94,24.62,88.8,109.86,Kharif,3.924
Maize,13.9,227.96,12.72,69.45,43.21,Rabi,4.831
Sugarcane,8.9,286.66,32.51,52.93,90.43,Rabi,67.25
Sugarcane,11.11,158.36,33.85,84.88,13.71,Rabi,52.245
Tea,10.89,164.56,23.88,82.31,39.85,Zaid,1.115
Cotton,14.34,78.46,31.74,72.81,226.54,Zaid,1.385
Wheat,4.3,201.23,30.65,77.98,159.01,Kharif,3.726
Rice,16.53,47.05,14.51,75.37,0.03,Zaid,0.836
Sugarcane,14.6,288.09,23.2,36.05,82.8,Kharif,67.436
Rice,10.26,374.29,27.62,91.64,139.01,Kharif,2.035
Sugarcane,10.2,307.49,26.06,39.35,127.72,Kharif,63.839
Wheat,19.91,57.2,36.34,41.42,186.83,Kharif,2.106
Wheat,7.71,361.17,38.73,67.97,173.47,Zaid,2.117
Wheat,6.81,366.5,38.5,65.19,87.46,Rabi,2.955
Maize,10.61,212.12,30.84,46.87,16.32,Kharif,3.964
Wheat,3.59,184.17,39.79,34.3,29.35,Zaid,1.775
Maize,19.85,367.05,16.86,63.34,240.03,Zaid,3.102
Sugarcane,7.86,23.61,31.93,63.82,37.72,Zaid,37.928
Sugarcane,11.2,191.68,22.49,76.32,114.05,Rabi,80.146
Cotton,19.29,384.37,38.06,74.35,147.04,Kharif,1.571
Sugarcane,16.61,339.74,27.29,68.09,208.41,Zaid,54.38
Pulses,7.18,193.32,16.4,69.2,19.23,Zaid,0.565
Maize,18.97,95.14,15.03,86.4,89.94,Rabi,4.572
Rice,10.59,208.67,22.78,49.87,229.21,Kharif,2.34
Rice,18.15,239.85,25.65,30.17,247.09,Kharif,1.789
Sugarcane,7.4,117.57,30.24,89.79,48.89,Zaid,56.008
Sugarcane,9.0,319.03,39.57,77.94,232.54,Rabi,52.534
Maize,7.15,215.34,31.01,33.18,217.51,Rabi,4.486
Wheat,17.89,210.66,22.28,86.32,32.75,Zaid,2.448
Rice,17.14,21.23,15.25,91.65,61.17,Zaid,1.313
Cotton,15.39,84.14,10.32,37.97,27.63,Zaid,0.813
Wheat,7.52,252.95,29.2,94.5,80.27,Kharif,3.454
Cotton,14.89,254.18,15.82,92.8,79.48,Zaid,1.495
Sugarcane,9.66,125.89,27.38,57.58,215.29,Rabi,61.978
Tea,15.05,241.62,24.18,89.04,132.66,Rabi,1.682
Wheat,12.91,57.7,37.05,68.89,44.12,Zaid,2.015
Cotton,8.6,20.92,21.11,62.7,14.74,Rabi,0.866
Wheat,9.77,22.16,33.52,64.84,109.34,Rabi,2.134
Sugarcane,17.35,220.67,37.61,88.1,108.13,Kharif,64.619
Pulses,7.94,112.4,15.57,84.23,86.82,Rabi,0.758
Soybean,19.19,38.63,27.31,38.0,171.17,Rabi,1.003
Maize,13.79,159.91,21.44,63.02,81.23,Kharif,6.842
Soybean,14.7,192.69,18.0,30.71,44.12,Zaid,1.122
Tea,15.93,166.43,33.18,75.31,173.68,Kharif,1.588
Wheat,7.18,26.58,10.63,64.37,205.79,Rabi,1.615
Sugarcane,8.65,197.71,16.1,71.23,175.79,Kharif,67.906
Wheat,3.17,266.87,31.05,44.06,88.14,Kharif,3.432
Rice,5.24,70.78,24.53,93.19,106.93,Zaid,1.732
Cotton,16.46,270.52,11.98,31.78,182.61,Zaid,1.011
Maize,10.54,167.5,28.2,89.15,138.42,Kharif,5.74
Cotton,11.82,87.9,15.74,92.68,175.09,Rabi,1.211
Soybean,0.62,114.32,37.0,57.83,72.59,Rabi,1.656
Sugarcane,6.92,222.46,31.66,63.94,173.54,Zaid,64.096
Maize,8.57,139.26,25.66,93.2,191.52,Zaid,4.359
Soybean,10.09,375.01,27.16,59.37,91.19,Kharif,1.479
Sugarcane,4.03,299.37,34.48,84.36,185.57,Kharif,57.082
Sugarcane,9.99,376.08,11.68,30.16,199.44,Kharif,37.774
Soybean,1.8,20.36,31.56,76.49,186.04,Kharif,1.194
Sugarcane,15.03,275.22,18.97,94.24,201.13,Rabi,46.531
Wheat,5.29,174.4,20.0,34.49,2.43,Kharif,1.967
Rice,7.63,261.09,18.44,53.55,1.49,Kharif,1.503
Cotton,4.18,119.66,16.35,48.14,90.81,Zaid,1.42
Maize,4.09,79.38,18.94,41.58,3.7,Rabi,2.811
Soybean,19.6,304.91,23.0,76.67,241.63,Kharif,1.403
Soybean,11.63,324.34,25.66,65.04,22.89,Rabi,1.18
Soybean,2.25,130.19,12.13,35.16,55.54,Zaid,1.141
Soybean,16.65,300.08,26.98,47.71,156.71,Kharif,1.652
Rice,16.36,279.94,15.88,31.78,137.74,Rabi,1.883
Pulses,15.35,83.22,36.42,75.32,1.31,Zaid,0.415
Tea,4.13,334.78,30.45,39.97,153.74,Rabi,1.251
Maize,3.97,226.71,14.06,30.6,172.79,Zaid,3.086
Pulses,8.37,21.5,32.45,48.07,22.19,Zaid,0.382
Cotton,18.02,39.97,30.05,59.91,135.84,Zaid,1.262
Wheat,4.5,219.74,17.33,84.11,73.87,Kharif,3.042
Rice,16.67,166.24,19.5,53.03,42.77,Kharif,2.463
Wheat,12.84,193.34,29.65,68.8,18.04,Rabi,2.377
Cotton,13.63,195.64,26.16,32.57,146.5,Kharif,1.897
Wheat,18.89,267.85,12.27,55.77,226.36,Zaid,1.667
Pulses,18.96,116.86,12.08,53.18,157.55,Rabi,0.693
Rice,14.15,261.44,32.27,41.73,55.49,Zaid,2.013
Tea,6.09,36.6,14.84,44.27,173.41,Kharif,0.867
Rice,2.16,187.32,23.15,79.73,141.41,Kharif,3.174
Cotton,13.48,311.72,35.82,80.67,112.17,Kharif,1.667
Soybean,18.21,59.67,23.06,54.8,86.76,Rabi,1.397
Sugarcane,13.55,184.58,39.73,39.1,1.74,Zaid,30.139
Soybean,4.72,34.84,23.26,92.5,50.92,Zaid,1.067
Tea,19.0,368.09,13.7,68.79,226.69,Kharif,0.947
Pulses,2.55,117.51,23.9,41.72,124.08,Rabi,0.813
Maize,6.11,278.17,14.7,60.69,28.92,Zaid,3.366
Soybean,8.96,269.43,27.98,71.24,204.39,Zaid,1.284
Cotton,10.61,337.11,28.47,47.29,92.0,Rabi,1.494
Tea,5.33,32.83,15.78,70.22,109.32,Zaid,0.852
Rice,15.03,296.76,13.17,48.1,52.23,Zaid,1.645
Tea,14.55,246.13,28.68,84.53,7.85,Zaid,0.869
Cotton,5.81,328.09,31.63,70.84,147.35,Rabi,1.747
Soybean,17.59,224.02,30.06,34.08,37.25,Rabi,1.205
Maize,9.25,154.16,25.66,78.2,218.83,Rabi,5.195
Sugarcane,4.69,77.46,34.09,82.93,86.79,Rabi,53.045
Maize,16.3,324.51,33.8,87.06,215.43,Rabi,4.063
Tea,12.54,262.25,19.97,47.73,123.59,Kharif,1.517
Cotton,11.59,30.94,27.08,61.79,62.06,Zaid,1.275
Wheat,16.57,105.01,19.75,41.27,100.5,Kharif,2.911
Rice,18.24,305.62,12.37,85.86,205.38,Kharif,1.778
Pulses,3.65,201.66,29.99,35.94,118.67,Zaid,0.765
Maize,11.49,369.32,16.95,32.81,236.44,Kharif,3.422
Sugarcane,7.9,344.82,36.49,80.34,143.57,Zaid,56.567
Wheat,9.61,36.84,13.5,87.03,112.94,Rabi,1.582
Tea,4.76,45.77,15.6,71.4,200.9,Zaid,0.86
Pulses,2.59,128.97,26.26,87.34,125.93,Kharif,1.09
Wheat,5.06,201.27,35.41,84.01,4.34,Zaid,1.732
Tea,9.86,112.08,27.81,37.99,201.79,Kharif,1.239
Soybean,10.85,277.3,39.17,36.56,44.49,Kharif,1.234
Soybean,6.53,165.67,26.87,64.35,173.16,Rabi,1.813
Wheat,8.42,298.31,26.05,72.2,29.2,Zaid,2.032
Cotton,3.3,29.39,26.56,80.71,30.31,Zaid,0.878
Pulses,15.68,115.77,13.35,38.24,158.83,Zaid,0.615
Rice,17.25,200.72,10.33,55.36,161.45,Rabi,2.088
Tea,1.03,180.57,14.64,32.29,191.16,Rabi,1.082
Sugarcane,5.24,143.26,34.01,49.11,89.93,Zaid,62.09
Soybean,14.53,391.58,26.07,60.68,64.11,Kharif,1.665
Rice,7.1,56.92,16.2,47.65,121.05,Rabi,1.837
Soybean,5.68,62.67,24.67,51.94,34.38,Rabi,1.06
Wheat,17.08,330.96,27.63,65.54,1.4,Zaid,1.616
Pulses,10.14,301.03,11.75,82.61,222.77,Kharif,0.547
Maize,5.14,229.2,26.33,31.45,8.85,Rabi,3.453
Rice,7.6,324.79,21.94,77.27,145.28,Rabi,2.152
Sugarcane,5.11,206.95,25.35,65.31,46.6,Kharif,84.274
Sugarcane,1.72,108.21,13.98,38.23,237.1,Rabi,42.724
Sugarcane,18.02,310.92,23.47,93.07,153.0,Zaid,55.896
Pulses,11.21,362.31,36.23,49.26,124.78,Rabi,0.744
Tea,6.71,21.31,15.37,79.89,109.05,Rabi,0.96
Soybean,1.85,313.44,10.01,68.72,207.97,Rabi,1.084
Sugarcane,15.43,392.3,29.61,92.8,60.77,Zaid,51.398
