N,P,K,temperature,humidity,ph,rainfall,label
23,59,41,26.09,54.67,6.78,20.22,mungbean
30,9,23,25.13,82.78,7.01,172.72,coconut
86,55,57,26.02,63.89,5.89,99.77,maize
76,24,37,27.17,82.02,6.14,36.18,muskmelon
75,45,55,26.84,58.82,6.7,80.71,maize
26,63,38,18.24,47.97,6.03,40.51,kidneybeans
0,56,32,26.62,87.9,5.64,101.04,pomegranate
64,58,53,22.81,78.79,5.92,49.62,papaya
74,47,49,22.53,44.32,6.99,110.26,wheat
93,52,60,19.15,83.6,7.17,132.2,cotton
50,40,82,27.49,95.35,5.72,86.75,papaya
11,76,40,22.79,55.45,5.92,68.87,mothbeans
40,64,48,17.43,67.59,5.23,67.13,kidneybeans
21,145,179,22.26,89.44,6.86,105.31,apple
88,20,7,26.68,81.14,7.04,166.78,coffee
92,5,45,26.28,87.15,6.63,34.3,watermelon
102,25,52,30.57,87.76,6.47,81.05,watermelon
48,129,191,24.35,95.67,6.89,157.23,apple
12,24,59,29.09,100.0,6.78,134.25,coconut
41,75,30,21.1,49.36,6.35,24.86,mothbeans
20,4,22,29.97,55.49,6.96,92.03,mango
21,40,32,26.61,88.64,6.38,85.26,papaya
36,38,0,27.33,71.11,7.72,138.3,coconut
124,40,43,24.31,74.99,5.95,115.04,cotton
15,76,15,16.25,64.75,5.35,41.59,kidneybeans
31,66,32,25.55,50.21,6.35,47.98,mothbeans
12,80,0,29.94,56.21,7.63,64.03,blackgram
105,89,55,31.88,81.89,5.81,82.11,banana
0,116,200,18.02,100.0,5.47,90.0,apple
70,61,34,17.77,42.55,7.1,62.99,wheat
31,71,26,24.0,53.32,7.3,42.87,mothbeans
34,67,43,27.08,44.77,6.51,48.82,mothbeans
103,30,9,18.16,71.11,6.3,177.44,coffee
15,50,44,29.41,51.06,7.16,10.68,mungbean
3,49,43,15.6,63.1,5.92,231.08,pigeonpeas
146,47,16,23.39,81.08,5.19,118.35,cotton
96,33,29,24.55,86.11,6.76,301.32,rice
88,48,37,26.3,88.6,6.91,237.64,rice
21,57,23,23.35,50.58,7.23,29.44,lentil
81,39,37,26.17,62.02,7.36,95.01,maize
122,64,48,24.45,79.25,6.9,68.31,cotton
18,72,29,29.91,57.07,7.1,0.0,mungbean
125,68,47,25.46,86.34,7.67,88.62,cotton
28,78,5,23.49,49.03,6.17,53.84,mungbean
11,136,196,21.01,90.64,6.52,129.03,apple
17,66,31,21.7,57.88,6.68,0.0,lentil
10,141,216,20.5,94.26,5.98,171.14,apple
18,113,206,18.68,90.81,6.23,83.06,apple
65,52,47,26.89,79.53,6.38,186.29,jute
19,133,198,26.82,67.76,5.75,79.52,grapes
20,58,29,29.04,87.74,7.46,71.86,pomegranate
4,142,191,21.66,87.94,5.56,36.91,grapes
28,70,35,30.95,43.8,6.79,29.86,mungbean
110,1,47,26.62,88.78,5.14,59.15,watermelon
140,61,56,24.46,82.55,7.09,115.59,cotton
19,49,2,21.0,52.62,6.02,57.96,lentil
101,74,46,33.01,77.54,6.18,118.53,banana
84,63,27,27.02,58.35,6.45,93.61,wheat
126,35,40,27.41,82.48,6.22,63.54,cotton
40,122,204,22.47,81.46,6.95,44.32,grapes
12,64,28,31.5,58.18,5.8,55.06,lentil
82,41,27,24.62,60.2,6.75,141.17,wheat
12,67,31,25.5,42.97,6.87,34.06,mothbeans
104,28,57,32.26,69.4,6.33,74.59,muskmelon
42,24,14,22.44,56.19,5.89,65.58,mango
94,74,70,24.66,85.88,5.72,93.49,banana
87,56,62,25.34,74.88,5.93,97.36,cotton
115,0,48,25.31,79.38,6.69,83.02,watermelon
0,87,28,23.5,53.17,7.84,41.57,blackgram
33,85,10,27.23,32.64,5.9,26.03,mothbeans
39,68,21,27.61,74.03,6.56,39.86,blackgram
34,142,215,30.04,81.95,6.64,36.92,grapes
0,70,27,29.13,56.34,7.08,21.51,mungbean
28,48,47,18.89,70.11,6.33,74.19,kidneybeans
55,37,65,19.65,84.3,7.07,65.9,papaya
63,26,68,27.35,76.75,6.24,99.25,watermelon
26,71,69,18.78,42.03,7.33,96.46,chickpea
42,56,52,23.6,88.67,5.95,123.48,papaya
50,41,49,20.99,88.43,6.44,91.59,papaya
79,29,68,25.68,75.89,5.27,30.48,watermelon
104,31,29,30.03,84.94,6.43,72.87,muskmelon
31,27,44,25.74,69.02,4.75,70.78,mango
40,154,211,30.52,72.62,6.09,45.28,grapes
31,16,8,28.05,86.61,7.56,134.38,coconut
64,24,41,27.38,79.13,6.23,186.61,jute
0,65,42,19.35,60.92,5.82,2.79,kidneybeans
14,142,205,20.27,77.92,8.14,106.47,apple
29,51,53,23.72,49.36,5.23,146.38,pigeonpeas
105,52,57,25.33,73.08,5.3,93.67,cotton
34,10,13,20.74,82.65,5.96,151.98,coconut
60,72,54,21.59,68.29,7.18,202.14,rice
22,63,17,29.74,76.3,6.69,62.47,blackgram
14,78,0,27.54,93.42,6.55,104.33,pomegranate
32,72,45,18.67,75.23,5.32,48.08,kidneybeans
11,56,54,19.02,57.5,5.91,39.36,kidneybeans
36,20,10,24.23,97.69,6.98,198.59,coconut
104,89,60,25.52,82.27,6.48,134.14,banana
6,66,27,20.38,66.47,6.08,32.93,lentil
19,129,194,22.09,90.9,6.27,103.17,apple
24,86,25,13.81,60.33,6.32,27.02,kidneybeans
101,14,40,29.87,75.42,6.05,27.4,watermelon
0,67,20,24.44,45.82,8.04,84.0,mothbeans
54,119,213,23.74,78.96,5.73,67.88,grapes
4,93,20,23.83,64.7,6.98,68.65,lentil
0,11,0,30.49,84.8,5.39,159.39,coconut
27,68,64,27.16,87.45,6.49,149.31,papaya
4,71,30,22.92,71.56,7.41,83.85,blackgram
15,9,199,26.43,100.0,6.63,116.38,orange
17,28,208,26.43,92.35,5.75,73.88,orange
0,0,201,24.23,100.0,6.69,32.31,orange
22,63,14,21.52,44.5,5.82,48.1,mothbeans
103,47,38,23.94,62.57,6.9,64.59,maize
5,1,209,21.24,96.8,6.6,98.87,orange
62,46,51,29.22,70.94,6.79,63.57,papaya
8,50,18,13.93,59.33,6.78,51.85,kidneybeans
75,46,23,20.67,73.12,7.38,228.39,rice
2,124,190,23.01,92.32,6.7,124.9,apple
118,47,39,24.81,98.1,6.25,74.16,cotton
6,64,24,30.28,37.9,7.08,74.33,mothbeans
14,67,54,18.58,60.75,6.04,37.44,kidneybeans
16,69,51,21.33,63.52,6.73,127.09,pigeonpeas
123,35,12,26.41,77.66,5.51,173.4,coffee
17,59,55,24.78,51.57,6.71,50.01,mungbean
69,61,50,28.39,72.97,6.22,112.93,papaya
8,82,15,19.54,68.6,7.13,125.42,pomegranate
21,73,39,16.73,60.44,5.96,27.07,kidneybeans
43,72,16,14.65,63.51,5.95,63.59,kidneybeans
41,51,59,24.04,100.0,6.51,103.55,papaya
62,44,35,21.44,55.45,7.06,93.24,wheat
108,31,52,33.0,83.57,6.31,70.12,muskmelon
43,127,201,19.74,96.74,6.23,107.56,apple
14,79,48,23.55,63.6,6.13,67.45,kidneybeans
33,28,32,31.57,48.6,5.85,94.8,mango
42,83,46,19.08,79.09,5.8,35.45,kidneybeans
86,46,37,28.46,74.47,6.89,212.78,jute
0,58,37,15.11,69.05,5.44,119.13,kidneybeans
36,68,63,19.1,49.6,8.31,47.2,chickpea
6,120,205,20.11,77.44,6.99,144.88,apple
16,64,27,21.67,62.93,5.98,50.74,kidneybeans
120,44,53,23.28,82.54,6.19,51.87,muskmelon
18,122,179,24.06,79.58,6.83,76.72,grapes
19,68,31,25.58,48.47,6.4,62.75,mothbeans
2,72,1,24.12,73.62,6.73,86.89,pomegranate
87,38,48,25.52,73.48,7.88,114.81,maize
3,6,199,24.16,91.02,6.78,95.68,orange
0,118,198,21.52,96.81,6.88,125.13,apple
57,29,60,21.37,49.65,7.32,79.86,wheat
23,66,20,24.23,56.54,7.14,15.76,lentil
32,148,205,29.54,84.32,7.03,66.91,grapes
115,106,55,26.44,88.26,6.73,93.0,banana
124,31,61,28.11,76.06,6.48,79.26,watermelon
48,79,11,23.08,61.16,6.15,87.31,lentil
36,80,20,15.14,79.87,6.19,85.54,pomegranate
35,64,89,21.01,52.53,7.23,36.61,chickpea
27,48,13,32.39,68.31,5.84,111.49,mango
21,71,17,19.37,72.75,6.55,80.78,lentil
10,126,194,17.9,83.72,7.47,128.39,apple
80,68,41,20.42,94.18,6.77,179.07,rice
25,56,17,32.11,74.59,6.98,57.82,blackgram
10,64,7,16.51,51.6,6.8,56.55,mothbeans
27,36,24,22.96,59.4,6.32,65.18,lentil
128,43,58,21.84,94.66,6.67,69.5,cotton
30,0,35,27.34,50.0,5.45,108.3,mango
24,59,21,23.04,75.09,5.08,149.19,pigeonpeas
25,56,54,24.85,77.62,6.49,108.74,papaya
23,68,25,25.35,66.06,6.81,26.99,blackgram
21,134,212,18.07,71.73,6.39,121.71,apple
26,55,36,26.18,62.28,7.29,46.42,mungbean
48,20,12,28.08,88.34,6.54,154.47,coconut
63,54,48,19.62,71.03,6.94,196.9,jute
46,64,36,23.42,71.77,6.49,62.68,lentil
83,60,7,28.27,53.88,7.35,69.0,wheat
20,140,188,28.41,87.31,6.35,101.33,apple
80,23,49,23.33,62.74,6.09,160.75,jute
28,0,208,21.15,90.85,6.85,83.51,orange
88,71,45,27.22,89.55,5.33,97.0,banana
44,38,10,27.33,90.39,7.26,167.96,coconut
25,117,185,20.98,74.21,6.68,55.11,grapes
5,65,42,16.64,63.25,5.75,62.98,kidneybeans
62,71,12,36.47,54.45,7.01,64.49,blackgram
76,54,30,24.56,94.26,6.45,215.04,rice
10,11,5,25.57,80.23,5.31,167.51,coconut
10,3,203,27.26,84.37,5.73,117.58,orange
36,19,27,31.31,49.07,5.83,93.04,mango
34,148,188,28.77,82.27,6.5,65.06,grapes
88,47,31,17.54,59.25,6.39,80.32,maize
21,149,204,23.76,76.63,6.69,91.63,apple
15,12,193,22.51,90.59,7.72,107.53,orange
71,47,12,18.45,92.93,7.32,198.77,rice
0,136,187,22.51,80.86,5.91,150.12,apple
17,10,205,29.03,95.81,7.13,102.37,orange
85,65,41,19.55,66.4,6.87,160.75,jute
4,76,58,24.81,61.76,6.05,79.24,kidneybeans
89,69,58,28.92,70.94,6.54,64.95,maize
106,10,44,26.47,72.73,5.66,39.98,watermelon
103,69,36,20.64,66.13,5.62,113.08,maize
95,89,39,27.43,82.51,5.26,120.21,banana
0,84,36,19.28,74.58,5.11,47.26,kidneybeans
20,131,187,19.13,82.07,6.36,158.8,apple
52,68,77,20.07,54.38,6.41,102.86,chickpea
47,56,43,14.71,60.29,5.38,49.8,kidneybeans
82,13,29,31.02,95.17,5.84,42.55,muskmelon
69,49,37,25.34,74.01,5.86,173.97,jute
0,2,199,24.76,79.48,6.43,82.06,orange
0,9,190,28.67,96.32,6.76,130.9,orange
83,41,23,21.06,73.35,7.34,227.04,rice
16,150,199,19.42,95.43,6.35,125.51,apple
56,44,28,28.27,60.58,5.83,61.09,mango
46,51,66,29.94,90.61,6.86,96.15,papaya
43,131,209,24.53,87.73,7.16,37.28,apple
39,51,69,16.99,51.66,7.03,56.96,chickpea
57,65,49,23.84,93.45,7.22,122.46,papaya
68,50,53,17.48,71.18,6.02,46.67,kidneybeans
15,66,100,20.06,51.85,6.37,59.59,chickpea
11,141,220,24.99,89.35,6.84,124.44,apple
27,34,49,27.95,61.41,6.38,116.84,mango
106,34,21,17.03,68.84,6.55,165.4,coffee
14,57,5,23.36,63.09,6.85,51.02,lentil
50,127,216,24.53,71.8,7.42,99.77,grapes
49,45,53,32.74,86.91,7.58,77.55,papaya
4,58,15,21.73,86.79,5.53,82.05,pomegranate
63,44,31,24.37,78.0,6.66,98.69,maize
4,0,189,25.36,98.58,6.63,120.0,orange
33,39,38,22.43,61.8,6.35,164.56,pigeonpeas
62,80,83,25.28,52.98,7.19,73.67,chickpea
92,40,41,21.57,85.83,6.67,230.94,rice
70,53,46,21.05,82.53,7.09,73.1,cotton
89,30,35,26.28,73.81,6.82,140.33,coffee
68,39,53,21.12,64.98,6.46,101.97,wheat
12,63,44,20.43,65.82,6.21,150.99,pigeonpeas
79,47,29,21.27,88.04,6.75,180.56,rice
20,66,91,19.62,62.09,6.27,74.7,chickpea
77,62,34,21.9,69.17,6.49,140.31,wheat
21,65,0,25.41,100.0,6.73,125.23,pomegranate
18,59,4,20.76,33.83,6.45,35.04,mothbeans
0,72,26,30.19,61.26,6.91,40.11,lentil
70,12,56,28.93,79.57,6.35,40.07,watermelon
66,58,49,21.23,68.27,6.5,219.79,jute
42,71,16,23.88,60.16,6.1,59.47,lentil
0,65,32,26.99,48.23,6.96,26.73,mungbean
81,50,31,24.97,55.57,7.09,93.38,maize
96,29,14,27.7,74.24,6.22,132.25,coffee
68,46,45,21.31,75.42,6.62,211.12,rice
21,50,46,19.5,72.47,6.29,135.48,pigeonpeas
72,15,55,29.37,95.82,6.6,42.86,muskmelon
29,63,37,22.55,57.64,6.48,34.79,mothbeans
22,32,29,24.05,76.92,6.37,168.42,coconut
40,76,67,18.84,55.56,7.42,67.65,chickpea
75,115,56,27.63,84.92,6.35,101.49,banana
69,42,25,23.75,52.96,6.88,107.06,maize
56,72,62,29.6,93.24,6.31,87.29,papaya
36,73,20,15.12,64.02,5.85,36.74,kidneybeans
26,58,79,17.85,55.46,7.74,60.5,chickpea
122,21,18,25.73,86.91,6.51,124.38,coffee
24,0,228,26.57,76.53,6.15,120.4,orange
42,22,22,31.33,89.64,7.28,95.16,coconut
21,5,37,28.05,37.75,5.81,114.53,mango
19,146,200,21.28,84.47,6.3,44.39,grapes
100,26,46,28.81,72.92,5.66,33.07,muskmelon
65,43,41,21.49,69.59,6.53,178.44,rice
88,40,31,25.67,74.44,6.72,120.98,jute
30,26,15,28.85,50.15,5.76,113.59,mango
31,60,36,24.43,79.62,6.83,132.33,pomegranate
41,76,10,34.54,66.55,6.93,84.1,blackgram
27,69,16,27.07,52.62,7.13,58.99,blackgram
79,35,32,23.14,75.12,6.31,230.16,rice
28,25,8,28.08,83.17,6.64,131.89,coconut
2,63,44,22.53,40.25,5.55,148.4,pigeonpeas
33,29,36,29.65,83.72,5.94,191.69,coconut
2,1,208,20.79,100.0,6.88,100.51,orange
26,74,50,21.02,51.04,6.12,45.8,lentil
53,47,30,18.69,56.44,7.5,117.96,wheat
37,69,35,24.87,40.74,5.83,11.21,mothbeans
100,9,56,26.88,80.98,7.05,23.74,watermelon
115,77,45,30.4,92.78,6.32,88.63,banana
16,10,29,26.33,84.36,6.64,156.63,coconut
104,17,49,32.09,81.49,6.31,50.94,muskmelon
23,71,50,25.65,63.46,6.44,142.12,pigeonpeas
88,61,43,23.75,77.2,6.51,181.24,jute
114,28,54,25.02,83.4,6.46,68.74,watermelon
0,68,40,24.45,57.66,6.19,67.46,lentil
18,77,2,28.55,68.62,7.85,40.73,blackgram
101,22,19,25.57,88.26,6.06,143.43,coffee
24,15,193,28.01,79.13,6.45,124.17,orange
64,45,56,24.34,53.49,6.96,88.3,maize
62,30,34,21.86,56.95,6.68,103.8,wheat
92,50,57,22.21,100.0,6.81,183.57,rice
55,24,38,28.51,86.08,6.39,109.22,papaya
124,86,43,23.24,83.17,5.94,144.35,banana
44,55,6,24.71,54.46,6.72,53.49,mungbean
82,33,36,22.54,99.95,5.3,54.6,muskmelon
92,30,11,24.8,44.06,6.69,65.75,wheat
55,14,44,29.4,74.91,6.6,92.71,maize
121,72,62,21.23,99.35,6.48,116.16,cotton
19,73,0,21.58,81.87,7.25,83.0,pomegranate
84,28,46,30.75,94.68,5.68,69.83,muskmelon
2,82,16,28.36,49.37,5.58,72.3,mothbeans
21,89,48,17.59,60.84,5.63,75.71,kidneybeans
75,50,56,19.55,57.95,6.6,95.72,wheat
25,59,28,20.79,63.75,6.05,55.48,mothbeans
62,42,54,23.0,61.77,6.02,115.59,maize
90,26,41,28.68,84.2,6.11,38.51,muskmelon
91,89,55,24.57,91.35,6.15,123.25,banana
91,18,66,29.6,86.82,6.06,30.98,watermelon
108,49,28,24.58,62.19,6.48,195.52,jute
102,43,40,20.25,46.88,6.48,64.4,wheat
105,14,44,25.05,59.14,6.75,24.99,muskmelon
86,31,55,27.04,97.81,6.78,73.32,muskmelon
52,84,22,21.09,62.11,8.35,54.23,blackgram
61,22,47,29.48,54.95,7.22,97.05,wheat
122,13,48,34.51,96.55,5.16,59.68,muskmelon
127,52,57,27.63,77.68,6.06,105.69,cotton
13,70,28,26.89,50.19,7.6,64.19,lentil
34,147,206,24.31,72.11,6.76,128.91,grapes
67,48,37,28.36,67.61,6.65,120.56,maize
19,56,44,26.96,56.12,6.5,115.24,pigeonpeas
10,37,34,32.62,50.57,6.37,16.15,mungbean
118,45,33,22.23,83.04,5.24,51.16,muskmelon
121,55,46,21.37,93.49,7.71,88.58,cotton
34,32,18,29.93,68.69,5.97,154.1,coconut
107,44,17,26.96,84.52,6.94,150.98,coffee
12,132,186,20.53,80.95,6.44,83.17,apple
79,39,45,17.33,57.65,7.22,45.16,wheat
0,137,204,20.97,67.76,7.27,110.35,grapes
30,65,10,22.57,84.64,7.17,61.65,pomegranate
3,58,0,19.73,61.43,5.52,7.97,lentil
94,40,35,24.03,79.51,6.08,48.3,watermelon
46,44,32,31.53,56.61,6.27,87.01,mango
115,51,70,20.87,81.63,6.72,98.0,cotton
96,84,38,27.32,81.2,5.25,129.89,banana
35,75,28,23.26,48.15,6.05,118.39,pigeonpeas
34,80,9,23.27,62.36,6.85,0.0,lentil
52,80,46,19.11,68.15,4.84,58.03,kidneybeans
15,75,28,18.18,68.57,5.63,69.26,kidneybeans
102,39,4,30.54,82.47,6.73,147.57,coffee
44,19,21,28.02,100.0,7.17,167.53,coconut
40,62,27,23.67,83.53,6.11,151.64,pomegranate
43,77,41,22.69,63.59,6.11,172.6,pigeonpeas
30,147,217,23.91,81.11,7.06,37.48,grapes
12,43,16,27.32,70.72,6.3,21.99,blackgram
122,79,26,27.86,68.45,6.22,115.29,banana
44,79,40,16.75,48.79,5.26,112.79,kidneybeans
89,21,51,27.94,91.87,5.87,7.22,watermelon
25,63,30,23.65,46.92,6.77,71.9,mothbeans
29,68,31,21.15,78.24,5.56,49.7,kidneybeans
80,7,71,27.14,83.06,5.9,66.19,watermelon
91,46,32,20.87,49.27,7.53,77.42,maize
65,74,28,22.93,60.07,7.01,90.37,wheat
86,24,24,30.46,76.13,6.9,141.8,coffee
77,56,29,23.15,56.33,7.05,102.23,wheat
54,42,52,26.86,69.1,6.86,117.9,maize
22,52,10,24.29,58.83,6.37,44.1,mothbeans
87,69,53,22.48,85.07,6.17,187.6,jute
0,0,198,27.51,89.96,6.28,61.86,orange
10,76,30,28.51,74.22,6.39,71.7,blackgram
30,62,30,19.84,71.4,6.0,169.55,pigeonpeas
61,20,39,27.3,80.67,5.89,117.42,maize
14,59,24,19.51,60.25,6.17,68.05,mothbeans
21,65,53,25.82,54.11,5.81,148.6,pigeonpeas
47,137,191,21.2,85.39,6.38,26.85,grapes
38,66,5,16.88,56.69,4.98,34.06,kidneybeans
19,11,39,25.39,59.52,6.34,68.01,mango
69,49,46,26.96,91.87,6.68,107.28,papaya
4,140,207,19.69,100.0,6.34,148.25,apple
83,24,38,24.43,82.81,5.97,43.11,watermelon
23,144,184,25.61,66.63,6.08,44.68,grapes
14,0,188,21.56,84.69,5.81,105.09,orange
24,45,55,25.53,89.69,6.37,129.0,papaya
55,55,30,21.35,73.33,6.77,206.47,jute
79,42,34,22.77,93.6,6.33,93.66,papaya
14,101,8,19.94,65.88,5.46,39.12,lentil
99,46,44,21.48,55.12,6.25,59.0,wheat
20,141,201,26.11,65.81,4.54,82.09,grapes
13,3,206,25.64,99.26,6.98,112.28,orange
103,21,33,14.25,96.9,6.61,61.88,cotton
11,91,51,17.29,74.08,5.25,44.39,kidneybeans
118,60,57,25.71,91.1,5.94,73.17,cotton
0,57,17,19.21,44.09,6.83,85.68,mothbeans
78,26,43,28.37,67.7,6.47,159.08,coffee
24,133,196,24.68,75.26,7.14,72.16,grapes
6,131,200,20.95,97.22,6.61,132.7,apple
26,24,0,26.59,89.51,6.42,134.16,coconut
69,75,63,29.36,87.31,5.51,145.4,banana
33,50,9,22.58,52.8,6.48,37.85,mungbean
71,31,53,23.77,63.56,8.1,112.47,maize
28,69,45,10.4,70.46,5.86,59.44,kidneybeans
99,0,45,27.22,81.02,6.03,61.04,muskmelon
76,25,54,31.49,86.44,5.33,26.02,muskmelon
28,138,208,22.57,75.74,6.82,92.88,grapes
116,20,46,28.7,87.18,7.02,87.29,watermelon
114,30,34,25.6,91.58,6.52,28.16,watermelon
32,67,84,18.54,44.59,7.02,47.82,chickpea
51,70,43,20.08,54.85,6.65,70.06,kidneybeans
47,85,88,22.37,50.67,7.71,85.24,chickpea
88,37,52,28.99,73.01,7.1,87.53,watermelon
48,62,48,35.03,86.07,7.03,120.13,papaya
7,70,2,31.45,53.36,7.06,21.84,mungbean
68,50,49,19.67,46.63,6.22,74.48,maize
91,42,38,22.38,75.61,6.63,162.46,jute
61,69,38,27.65,77.17,7.0,94.21,maize
89,57,36,23.98,71.99,6.96,200.38,rice
98,22,51,27.01,76.29,7.05,62.38,watermelon
73,48,56,25.78,41.48,6.83,109.87,maize
20,76,73,25.16,65.94,6.62,61.26,chickpea
16,72,46,25.21,45.4,4.84,171.45,pigeonpeas
90,14,56,31.87,80.84,5.83,70.79,watermelon
18,53,38,23.47,54.93,6.15,195.34,pigeonpeas
14,58,8,26.88,60.16,6.96,22.59,mungbean
85,79,39,25.84,88.12,6.05,170.17,banana
8,86,44,23.88,95.0,5.97,136.88,pomegranate
16,76,26,29.93,51.45,7.5,45.76,blackgram
22,51,32,27.38,44.42,6.99,24.74,lentil
88,72,40,19.61,43.97,6.43,94.17,wheat
115,49,61,25.35,76.67,6.43,77.02,cotton
77,59,39,22.8,57.57,6.47,119.8,wheat
13,78,23,23.97,67.03,6.74,81.16,lentil
38,126,198,23.38,86.51,6.73,123.88,apple
97,19,16,29.24,93.48,5.49,177.28,coffee
34,130,207,21.57,92.46,7.0,41.38,grapes
33,75,25,23.25,55.4,6.74,53.22,mungbean
18,37,27,29.48,94.81,6.76,173.21,coconut
0,46,25,23.36,53.04,6.85,56.64,mothbeans
68,49,28,21.34,72.42,7.48,205.88,rice
39,122,210,27.04,89.98,6.09,113.08,apple
75,59,63,20.91,55.77,6.88,111.33,chickpea
83,91,68,32.71,100.0,5.55,175.61,banana
59,92,6,32.75,61.8,7.06,58.42,blackgram
109,77,49,27.27,80.86,6.5,121.09,banana
108,23,51,30.79,79.71,5.71,49.7,muskmelon
30,70,36,25.99,78.42,5.98,130.45,pomegranate
104,41,13,19.7,84.68,6.03,115.29,coffee
72,44,43,18.66,70.74,6.14,199.66,rice
72,72,29,24.29,70.27,5.83,213.68,jute
0,59,36,27.49,55.64,6.88,52.41,mungbean
19,77,4,21.77,84.07,7.45,107.15,pomegranate
94,42,38,22.03,78.32,6.84,178.36,jute
73,44,23,25.54,60.74,5.92,33.19,maize
116,39,44,23.51,83.22,6.97,73.41,cotton
28,43,56,25.44,87.11,6.62,95.32,papaya
127,40,45,29.67,76.76,6.1,114.27,cotton
92,64,30,25.89,85.3,6.91,252.42,rice
36,82,29,29.46,84.34,6.82,95.39,pomegranate
39,22,26,36.44,54.25,6.58,79.97,mango
78,61,25,18.72,52.79,7.13,91.2,maize
10,132,174,25.45,85.28,6.87,65.12,grapes
27,69,40,15.74,56.28,7.11,141.0,pigeonpeas
89,14,36,27.33,93.6,6.0,71.49,muskmelon
22,125,200,21.37,88.73,6.14,94.03,apple
96,71,82,27.73,73.19,6.43,124.23,banana
75,50,32,29.95,79.04,6.04,157.1,jute
80,22,56,28.55,93.52,6.11,41.68,watermelon
0,17,184,23.98,87.51,6.83,105.7,orange
90,7,37,28.3,83.22,5.66,66.95,watermelon
11,156,218,20.59,85.97,5.99,94.26,apple
70,58,56,29.85,81.8,6.47,77.44,papaya
99,36,42,32.59,79.63,6.54,47.97,watermelon
86,80,53,26.18,84.68,6.14,150.81,banana
87,24,43,25.91,84.4,6.17,14.09,muskmelon
83,15,26,25.05,77.25,6.81,38.16,watermelon
13,105,29,31.11,96.16,6.62,117.54,pomegranate
43,104,84,19.06,57.37,7.24,85.5,chickpea
73,15,0,30.4,82.66,6.83,157.53,coffee
44,74,86,20.23,55.94,7.24,44.06,chickpea
88,38,20,26.67,93.95,6.0,205.55,jute
40,30,28,30.35,84.26,5.57,148.19,coconut
93,43,40,24.04,58.72,6.82,101.98,maize
100,28,32,24.98,86.14,6.28,154.89,coffee
45,10,37,31.87,69.39,6.55,140.01,coconut
30,78,30,24.75,48.15,6.21,86.78,mothbeans
58,62,41,26.01,56.43,5.72,125.45,maize
43,71,77,24.47,37.19,6.59,72.42,chickpea
20,102,24,26.84,47.36,7.69,26.37,blackgram
16,60,20,29.3,61.85,7.27,67.66,blackgram
95,75,54,25.25,83.19,5.34,99.03,banana
102,42,37,21.15,44.24,6.34,69.9,wheat
75,71,62,22.63,60.18,6.73,80.04,maize
44,70,28,21.07,50.09,5.65,174.47,pigeonpeas
9,131,208,20.55,88.84,6.31,106.44,grapes
115,27,60,22.82,83.72,5.86,42.99,muskmelon
92,66,41,17.63,60.14,7.15,104.43,maize
25,61,44,29.5,53.06,6.78,63.73,lentil
92,33,52,26.41,91.44,5.58,52.38,muskmelon
30,41,42,25.27,87.03,5.79,170.62,coconut
26,9,0,31.05,90.76,6.76,134.82,coconut
108,69,74,26.25,86.27,6.21,133.68,cotton
110,73,38,25.48,81.92,6.74,53.81,banana
56,39,56,28.99,84.51,6.08,35.07,muskmelon
8,138,185,19.75,95.31,7.8,121.94,apple
87,17,58,28.64,79.36,6.08,71.42,watermelon
0,72,24,21.96,49.72,7.24,57.29,lentil
0,3,29,33.06,92.22,6.66,149.47,coconut
29,81,16,20.29,95.2,6.45,153.26,pomegranate
95,42,36,21.82,70.29,6.65,211.53,rice
49,93,66,21.42,42.59,7.28,52.03,chickpea
2,46,13,23.1,61.6,7.25,37.73,blackgram
76,52,35,23.05,69.93,7.1,101.51,maize
85,83,67,30.37,81.83,5.84,111.72,banana
0,65,41,25.7,60.17,6.78,29.63,blackgram
35,66,39,18.1,56.86,5.62,95.25,pigeonpeas
35,75,36,15.48,57.91,6.07,95.72,kidneybeans
35,0,206,28.44,96.07,6.92,114.69,orange
31,23,25,27.82,84.58,7.26,117.18,coconut
1,1,201,23.28,87.81,7.17,138.45,orange
63,58,98,21.5,38.81,7.18,22.5,chickpea
18,66,36,15.98,51.89,5.85,165.84,pigeonpeas
13,17,33,29.54,58.47,6.88,77.31,mango
70,51,52,23.66,82.53,6.38,79.27,papaya
0,54,13,17.89,50.38,6.38,8.18,mothbeans
25,44,84,15.31,50.76,6.87,91.98,chickpea
28,79,49,34.56,49.51,7.31,44.58,mungbean
120,55,52,26.78,84.98,6.77,147.45,jute
39,67,15,25.43,76.49,7.01,83.6,pomegranate
22,135,199,21.67,89.07,6.94,125.22,apple
27,73,35,30.37,62.76,6.66,0.27,mungbean
17,2,40,27.32,82.65,6.3,112.17,coconut
4,35,21,26.39,88.45,6.62,169.18,coconut
119,90,41,30.54,77.6,5.38,100.7,banana
0,139,216,22.84,96.47,7.05,140.91,apple
118,43,59,23.87,69.45,5.53,56.78,cotton
15,56,42,25.66,52.51,7.05,50.02,lentil
67,46,44,25.93,78.17,6.41,177.34,rice
53,63,74,20.8,46.51,6.97,127.49,chickpea
3,24,6,28.89,80.02,5.97,169.99,coconut
61,88,47,18.22,63.3,5.32,66.94,kidneybeans
85,51,54,27.0,63.11,5.88,63.01,wheat
11,125,201,21.32,95.19,6.27,152.96,apple
115,40,36,20.13,50.56,6.48,124.73,wheat
44,35,32,26.21,45.16,6.05,77.5,mango
29,34,38,29.49,65.82,4.82,141.3,mango
92,27,8,26.17,88.6,6.09,182.03,coffee
118,20,45,30.14,85.97,6.12,83.87,watermelon
73,51,36,25.77,47.84,6.71,84.01,wheat
156,59,52,23.46,78.02,7.08,72.74,cotton
81,34,26,25.05,76.76,5.84,132.65,jute
30,79,42,26.53,59.3,6.21,21.09,mothbeans
58,71,22,27.54,68.75,6.94,73.72,mothbeans
51,39,45,27.35,83.13,7.43,109.46,papaya
57,50,48,29.45,81.69,6.07,115.25,papaya
27,29,212,27.81,87.24,6.18,80.54,orange
29,26,48,28.83,66.84,5.67,123.22,mango
6,51,24,21.47,50.82,6.26,5.47,mothbeans
102,58,39,23.84,73.0,7.72,208.23,rice
114,16,47,26.59,78.77,6.28,48.24,watermelon
114,17,29,28.47,53.54,6.42,78.11,coffee
26,147,179,21.6,75.58,6.31,93.5,grapes
4,81,17,27.81,63.93,5.89,80.62,lentil
1,22,18,32.03,92.42,6.18,159.32,coconut
1,68,12,21.42,67.8,6.85,48.33,mungbean
1,50,42,19.32,59.11,6.02,100.79,pigeonpeas
104,5,50,28.16,83.76,6.86,57.48,watermelon
25,56,60,23.69,66.25,6.31,69.38,kidneybeans
104,28,0,21.79,86.36,7.47,159.18,coffee
113,52,47,24.75,85.44,5.92,83.39,cotton
33,130,204,24.64,88.99,6.84,79.82,grapes
28,55,17,28.1,67.15,6.44,89.92,blackgram
77,39,23,25.78,97.28,5.8,219.07,rice
80,25,39,19.09,87.36,6.68,181.5,rice
115,30,28,21.14,73.76,6.2,206.02,coffee
22,53,14,30.53,46.59,5.23,29.32,mungbean
78,20,17,23.0,90.35,6.59,196.22,coffee
155,57,58,27.52,80.14,6.9,102.95,cotton
39,48,45,31.62,81.2,6.1,148.56,papaya
21,75,22,24.91,55.37,5.96,37.03,mungbean
22,22,34,31.68,56.9,5.39,66.54,mango
0,6,199,21.35,91.14,6.75,116.77,orange
11,69,27,23.7,49.54,6.71,44.22,mothbeans
79,47,61,25.47,70.88,6.83,134.34,maize
17,90,18,27.94,51.14,7.05,84.0,mungbean
57,94,20,25.16,95.87,6.43,93.58,pomegranate
41,60,16,26.31,55.78,6.5,54.97,lentil
46,90,77,17.46,44.78,6.46,55.38,chickpea
22,39,42,26.29,43.21,5.71,158.23,pigeonpeas
73,50,38,29.37,71.01,6.19,127.1,jute
31,52,15,23.88,51.21,7.4,23.66,lentil
98,67,42,19.74,58.68,6.46,145.33,wheat
32,51,42,24.01,67.22,6.44,169.02,pigeonpeas
20,77,22,27.93,84.41,6.41,124.81,pomegranate
36,70,43,20.98,57.96,5.94,161.45,pigeonpeas
34,64,95,21.67,41.11,7.12,87.46,chickpea
14,47,17,27.62,37.78,5.97,53.16,mothbeans
99,54,31,27.65,82.93,7.09,206.69,rice
0,36,34,25.29,42.47,4.5,164.28,pigeonpeas
75,54,62,24.72,85.81,6.78,60.98,maize
0,13,209,26.52,94.6,6.25,117.86,orange
96,53,16,24.9,91.46,6.35,120.54,coffee
32,49,29,23.3,90.66,6.89,150.2,pomegranate
74,60,56,18.32,59.78,7.15,87.56,wheat
140,31,68,23.24,70.81,6.38,66.94,cotton
94,32,54,26.86,87.01,6.59,17.08,watermelon
114,9,51,25.99,83.92,5.89,44.7,watermelon
73,58,45,21.74,62.45,6.1,131.9,maize
56,42,46,30.84,86.58,5.48,75.59,papaya
0,16,207,22.7,78.04,6.5,99.81,orange
43,52,55,24.59,94.88,6.82,138.96,papaya
21,72,42,22.55,52.6,5.6,0.0,mothbeans
28,150,181,22.2,86.58,6.67,79.51,grapes
83,66,21,23.55,84.08,6.89,174.08,rice
48,63,91,28.35,74.51,6.21,115.64,papaya
22,75,88,17.91,54.66,7.13,61.53,chickpea
10,81,48,20.34,63.01,5.75,130.45,pigeonpeas
15,65,19,27.66,41.39,6.12,75.91,mothbeans
17,1,190,26.84,89.36,6.64,92.34,orange
74,58,67,23.55,83.99,6.27,183.75,rice
25,84,8,22.76,79.21,6.66,101.03,pomegranate
77,47,47,24.01,94.55,6.6,167.0,jute
40,23,26,32.88,60.18,5.66,56.81,mango
83,50,37,23.67,64.29,6.31,98.53,maize
20,14,192,22.11,78.48,6.07,149.05,orange
0,11,28,32.0,56.51,6.8,64.11,mango
90,22,43,24.83,75.58,6.78,72.22,muskmelon
38,52,45,23.7,100.0,5.91,105.5,papaya
18,28,52,27.74,41.68,5.0,86.24,mango
107,18,46,26.7,75.11,7.57,78.59,cotton
53,77,24,19.46,52.62,6.34,53.22,kidneybeans
73,71,12,26.59,70.86,6.03,64.37,banana
51,72,36,23.28,76.04,7.09,143.9,papaya
43,12,15,33.94,79.37,6.87,164.05,coconut
13,80,51,19.35,74.47,5.21,106.68,kidneybeans
89,48,44,21.19,82.69,6.42,234.19,rice
73,63,41,19.77,76.28,6.84,186.74,rice
3,16,196,18.98,86.22,5.96,106.68,orange
75,32,39,25.05,84.09,6.22,54.1,muskmelon
117,62,46,19.58,78.68,6.07,97.3,cotton
22,57,87,17.15,53.71,6.32,96.2,chickpea
26,25,10,24.73,88.91,7.69,175.08,coconut
32,22,23,32.03,84.7,6.88,201.29,coconut
19,41,35,31.02,53.97,5.97,83.41,mango
31,69,99,16.28,38.26,7.08,76.27,chickpea
62,43,49,29.01,68.16,5.9,116.12,maize
5,71,21,24.76,53.6,6.7,44.01,mungbean
27,117,204,22.63,88.37,6.89,62.61,grapes
79,37,1,25.46,76.42,7.11,140.18,coffee
53,76,16,23.72,68.15,7.41,44.21,blackgram
22,69,17,30.91,68.35,7.11,28.23,blackgram
31,15,190,27.2,90.14,6.52,69.93,orange
2,5,194,26.62,87.53,5.6,98.79,orange
108,12,38,24.56,81.36,6.32,109.14,watermelon
94,46,21,30.79,85.9,6.18,151.28,coffee
43,73,52,21.32,60.49,5.39,66.95,kidneybeans
31,20,18,23.23,58.45,6.09,74.55,mango
76,54,37,24.81,62.25,6.81,95.76,maize
1,83,26,25.8,53.87,7.3,53.34,mungbean
80,59,57,23.7,63.37,6.06,84.33,maize
33,21,22,21.34,82.02,6.16,133.52,coconut
20,85,44,19.41,54.75,6.01,161.82,pigeonpeas
15,74,38,11.29,48.03,5.5,76.44,kidneybeans
28,36,216,21.67,84.43,6.42,144.61,orange
124,60,49,23.2,93.3,6.77,121.28,cotton
10,72,33,21.6,55.58,5.25,130.53,pigeonpeas
86,85,50,26.48,90.71,5.65,71.26,banana
34,58,3,22.61,47.21,6.74,52.48,blackgram
34,74,30,25.0,83.48,5.99,2.23,lentil
41,141,199,20.24,72.01,6.64,83.56,grapes
94,44,16,22.92,87.03,6.07,119.44,coffee
19,69,40,12.81,76.96,5.82,76.08,kidneybeans
30,7,37,29.65,56.71,5.51,94.01,mango
98,39,58,27.92,81.8,6.21,90.14,watermelon
33,13,49,27.69,64.15,6.09,96.3,mango
21,132,184,29.54,89.52,6.4,64.88,grapes
13,62,4,25.23,65.33,5.83,33.62,lentil
80,58,36,23.97,80.96,6.55,219.88,rice
13,34,23,28.84,77.81,5.02,136.92,coconut
24,31,58,25.8,54.17,5.41,129.8,mango
79,52,52,23.59,68.12,6.45,111.63,maize
117,35,54,25.65,85.81,6.67,78.22,cotton
21,42,35,18.88,50.14,5.93,173.94,pigeonpeas
29,70,44,29.6,73.36,6.4,107.28,papaya
26,72,10,25.82,78.96,6.45,146.17,pomegranate
35,24,31,29.19,55.65,6.24,96.69,mango
93,6,17,23.07,81.65,6.54,151.58,coffee
7,57,12,25.17,60.62,6.89,80.93,blackgram
21,61,61,15.43,60.56,5.9,34.95,kidneybeans
23,62,17,23.47,53.24,6.4,48.51,mungbean
102,25,53,28.37,88.47,5.61,70.92,watermelon
64,62,78,19.78,46.39,7.1,56.04,chickpea
19,4,201,22.33,91.19,7.27,124.21,orange
19,49,31,23.56,57.57,6.08,125.12,pigeonpeas
89,64,51,24.95,79.48,6.88,185.68,rice
116,44,19,25.16,84.35,7.3,65.29,cotton
40,152,203,17.98,94.31,7.28,144.24,apple
120,80,66,26.43,86.8,4.89,165.47,banana
16,130,197,21.01,92.23,5.64,135.93,apple
78,22,53,29.66,99.25,5.82,53.69,watermelon
104,60,72,23.03,86.73,7.11,110.43,cotton
75,54,41,27.29,67.85,7.33,188.13,jute
7,53,17,23.62,85.82,6.35,125.83,pomegranate
52,54,90,24.61,41.02,6.54,100.44,chickpea
13,42,35,25.0,66.15,6.36,160.73,pigeonpeas
106,19,21,22.27,91.13,5.93,133.65,coffee
1,73,28,25.15,42.04,6.62,20.42,mothbeans
55,140,190,23.15,74.9,7.27,39.5,grapes
31,62,16,24.86,50.69,6.32,23.51,lentil
53,79,71,20.11,55.47,6.9,101.82,chickpea
81,35,24,21.99,95.35,6.37,167.42,rice
93,77,76,26.26,85.88,6.0,58.79,banana
51,35,34,21.36,91.54,6.91,121.09,papaya
0,72,43,22.94,83.2,6.65,96.03,pomegranate
38,59,4,27.54,90.86,7.13,130.02,pomegranate
96,49,42,26.12,66.87,6.98,112.18,maize
28,148,213,21.62,95.14,6.31,86.92,apple
40,86,37,24.87,85.26,6.94,128.3,pomegranate
21,23,210,23.07,81.27,5.4,93.43,orange
44,60,27,23.04,55.69,6.18,154.79,pigeonpeas
28,64,10,27.97,56.1,7.96,30.4,mungbean
82,14,48,24.5,96.77,5.34,83.65,muskmelon
31,13,181,25.52,80.7,7.2,79.43,orange
2,76,30,26.2,74.33,6.17,22.63,blackgram
98,0,53,29.05,86.07,4.51,18.36,muskmelon
17,11,2,29.98,83.6,5.88,129.34,coconut
46,57,70,23.38,40.48,7.82,52.48,chickpea
9,48,12,23.82,68.63,6.44,26.35,mungbean
106,84,69,27.73,76.77,6.0,107.94,banana
6,72,14,27.54,95.49,6.93,117.65,pomegranate
12,79,25,27.52,57.66,7.05,20.88,blackgram
47,86,84,19.06,49.99,6.37,90.11,chickpea
20,14,198,25.61,82.38,6.08,101.54,orange
34,54,49,14.99,58.98,5.07,52.46,kidneybeans
0,55,6,23.23,45.7,6.9,3.52,mothbeans
76,49,40,24.89,72.68,6.52,60.75,wheat
31,138,203,26.99,84.6,6.35,63.43,grapes
9,103,30,27.31,88.94,5.7,119.87,pomegranate
92,39,39,13.28,73.8,6.37,173.81,rice
55,67,64,20.16,51.9,6.94,103.36,wheat
113,80,47,28.33,86.53,6.3,131.0,banana
23,75,88,17.59,57.16,6.68,81.33,chickpea
0,66,21,18.49,96.11,6.57,119.53,pomegranate
25,63,36,22.53,48.7,6.24,60.48,lentil
80,38,46,23.6,77.2,6.53,195.37,rice
6,72,52,14.24,66.48,6.27,65.31,kidneybeans
7,63,24,24.41,53.05,5.94,78.02,blackgram
15,62,12,26.84,59.92,7.1,69.01,blackgram
31,61,67,21.32,56.23,7.23,116.86,chickpea
56,50,42,23.74,55.96,6.31,124.91,wheat
65,29,44,23.41,72.16,5.87,179.02,jute
103,47,35,24.84,85.09,6.67,241.2,jute
15,71,4,24.67,54.42,6.84,1.58,mothbeans
21,72,91,18.74,29.17,7.1,85.92,chickpea
0,14,195,23.71,100.0,6.15,101.5,orange
87,29,58,19.01,73.26,7.06,77.73,maize
12,21,33,25.96,66.98,6.41,146.1,coconut
38,46,58,26.97,93.63,6.0,68.7,papaya
28,53,42,26.39,58.59,6.48,144.07,pigeonpeas
48,15,49,32.68,53.76,5.09,89.52,mango
8,19,26,24.77,49.48,5.91,87.13,mango
12,22,10,27.08,91.0,6.47,140.23,coconut
16,130,200,20.23,92.63,6.23,121.71,apple
106,39,62,18.52,92.94,6.33,65.69,cotton
40,69,37,25.99,64.56,6.54,60.18,blackgram
25,49,12,21.29,66.47,6.56,12.86,lentil
22,15,28,30.88,39.96,5.22,74.08,mango
46,19,40,29.32,68.33,5.66,74.65,mango
20,2,45,29.82,53.45,6.45,100.56,mango
89,2,21,22.64,73.73,6.32,146.66,coffee
86,23,58,22.38,89.18,5.73,45.18,muskmelon
4,72,8,20.11,51.09,6.32,150.57,pigeonpeas
98,52,44,28.54,79.23,6.88,192.1,jute
16,14,28,29.88,84.22,6.46,161.61,coconut
125,56,24,30.3,75.4,6.03,78.62,cotton
103,83,51,25.09,79.54,6.56,107.85,banana
3,64,3,30.08,70.73,6.13,93.35,blackgram
34,29,13,31.16,79.94,7.2,161.06,coconut
36,135,202,21.26,94.56,6.16,134.84,apple
87,67,52,29.46,75.86,6.94,209.58,rice
36,31,33,22.94,55.15,6.62,103.19,mango
102,33,0,19.58,81.15,6.89,133.22,coffee
49,73,30,21.85,53.72,6.17,186.28,pigeonpeas
38,60,33,26.36,44.31,6.86,67.27,mungbean
32,0,28,26.53,53.38,6.49,97.63,mango
128,50,57,22.55,73.46,6.57,126.23,cotton
143,41,76,20.99,88.67,6.14,63.23,cotton
3,74,4,22.4,89.01,6.01,150.13,pomegranate
48,36,80,20.98,57.39,6.49,77.14,chickpea
57,56,57,27.75,82.43,6.58,128.92,papaya
0,38,4,25.23,92.26,6.82,122.3,coconut
8,69,25,20.47,67.42,5.61,30.55,lentil
84,73,60,22.57,88.46,5.73,95.29,banana
93,56,44,27.6,80.71,6.99,190.35,jute
15,85,17,25.93,53.21,6.43,152.0,pigeonpeas
3,134,190,27.22,81.8,6.8,110.27,grapes
31,47,24,24.44,51.82,6.77,37.28,mungbean
83,58,48,27.32,77.05,6.26,135.15,jute
27,16,186,23.58,100.0,6.56,91.82,orange
73,35,26,25.48,51.26,6.97,93.83,wheat
122,39,47,22.97,76.58,7.5,73.99,cotton
113,75,34,28.38,89.72,7.45,45.29,cotton
19,0,36,33.82,57.22,5.58,91.11,mango
95,14,24,30.65,76.18,6.84,167.39,coffee
92,75,58,27.77,69.41,5.78,126.94,banana
61,61,58,23.02,44.52,7.4,25.75,chickpea
43,50,12,21.01,45.97,6.55,90.15,lentil
98,24,9,26.97,90.87,7.03,165.15,coffee
36,42,23,32.82,97.76,5.99,94.3,papaya
56,73,14,20.47,88.75,7.39,103.82,pomegranate
115,59,67,26.4,87.38,6.96,98.78,cotton
25,141,219,26.19,79.33,7.19,20.2,grapes
43,61,77,25.02,60.72,6.35,95.74,chickpea
28,52,75,20.54,54.76,6.72,64.68,chickpea
42,60,27,26.26,54.09,6.11,180.87,pigeonpeas
65,69,33,24.7,63.99,6.33,49.88,lentil
50,46,37,27.54,88.34,6.76,154.26,papaya
28,17,48,25.55,48.99,6.76,93.28,mango
63,63,42,23.97,62.38,6.58,125.63,maize
31,152,201,23.88,84.55,6.65,143.24,apple
24,38,22,28.22,58.83,5.71,93.81,mango
102,77,51,27.45,75.37,5.55,93.78,banana
79,70,55,27.88,86.06,5.85,191.57,jute
91,45,42,22.63,38.67,6.68,77.95,wheat
102,60,40,24.96,73.63,6.1,100.99,banana
54,43,28,23.94,74.74,5.79,241.64,rice
100,77,91,29.03,76.73,5.47,57.99,banana
8,31,30,24.87,59.14,5.89,149.44,pigeonpeas
4,16,27,28.25,81.92,6.6,152.68,coconut
48,81,97,18.92,39.39,6.79,81.51,chickpea
84,83,64,16.03,53.85,7.27,88.72,chickpea
65,67,39,24.87,67.08,6.43,125.27,maize
43,72,100,23.21,51.53,7.47,49.19,chickpea
108,7,48,25.99,87.05,5.94,86.3,watermelon
18,33,17,31.04,51.93,5.62,154.65,mango
49,61,62,20.33,69.42,5.92,58.79,kidneybeans
99,57,38,26.09,62.33,7.09,114.24,maize
49,46,52,29.9,77.76,6.09,116.24,papaya
26,143,198,25.14,79.68,6.45,81.47,grapes
73,38,55,23.64,47.62,6.92,91.62,maize
45,67,24,22.69,61.46,6.72,42.54,lentil
33,66,19,28.44,58.91,7.11,98.26,blackgram
9,99,41,23.91,62.06,6.18,55.81,lentil
82,25,33,23.88,92.52,6.77,140.15,coffee
101,62,29,24.43,80.28,6.55,197.91,jute
89,40,12,25.65,80.93,6.87,172.52,coffee
19,78,23,24.63,41.27,6.62,75.89,mothbeans
36,65,26,16.65,75.06,5.53,73.96,kidneybeans
108,58,48,18.6,60.66,6.11,89.48,maize
97,96,52,29.14,88.25,6.19,80.74,banana
19,78,33,25.76,39.26,6.49,42.34,mungbean
15,87,0,17.79,85.72,6.28,110.19,pomegranate
34,58,34,18.51,69.09,7.19,101.56,maize
0,79,43,19.52,96.41,4.76,108.12,kidneybeans
91,42,74,32.49,83.46,5.61,0.0,watermelon
14,135,205,18.95,94.99,7.32,105.68,apple
111,44,66,20.19,74.66,6.22,84.61,cotton
55,67,76,20.46,43.32,8.04,34.81,chickpea
35,23,48,28.21,83.87,6.07,131.39,coconut
0,72,20,23.75,92.93,6.87,117.45,pomegranate
27,85,30,19.63,66.6,5.93,96.81,kidneybeans
97,60,16,26.76,64.56,6.72,178.55,coffee
26,61,24,27.35,57.49,7.67,83.22,blackgram
133,44,34,18.95,90.53,6.02,76.86,cotton
20,83,18,30.19,57.81,6.67,28.22,mungbean
14,0,225,22.59,95.25,6.88,96.51,orange
38,78,75,15.18,64.0,7.69,42.69,chickpea
20,146,212,25.11,67.95,6.48,60.25,grapes
19,119,203,24.56,83.11,5.99,34.97,grapes
28,80,47,19.45,74.88,6.13,181.88,pigeonpeas
0,84,14,22.18,45.88,7.37,12.76,lentil
21,65,76,27.28,53.46,6.31,60.88,chickpea
96,50,70,23.18,56.54,6.65,98.34,wheat
80,32,35,22.96,42.26,7.02,94.51,wheat
45,73,29,22.12,95.29,6.37,116.94,pomegranate
100,40,73,22.43,95.35,5.88,58.66,cotton
93,18,21,24.55,75.13,5.91,148.96,coffee
17,52,35,26.51,54.85,6.92,61.71,blackgram
85,48,52,26.17,59.46,6.81,62.2,wheat
23,71,12,19.02,54.03,5.47,42.07,mothbeans
96,55,38,24.32,32.21,7.37,51.51,wheat
87,35,35,27.74,53.47,6.91,116.75,wheat
12,65,24,25.37,60.64,7.01,145.91,pomegranate
73,55,23,20.62,55.45,6.57,148.31,maize
5,55,15,19.9,42.21,6.85,17.32,mothbeans
109,49,57,26.01,72.45,6.01,62.08,cotton
36,60,32,26.11,99.82,6.29,82.56,pomegranate
84,47,21,23.6,70.83,6.17,175.83,jute
43,82,74,14.37,54.96,6.68,45.26,chickpea
72,54,53,21.59,76.94,6.36,104.47,maize
42,66,31,24.97,53.26,6.26,138.06,pigeonpeas
49,77,57,13.97,54.07,5.73,77.57,kidneybeans
80,36,57,23.13,91.11,6.46,53.11,muskmelon
91,37,53,26.32,82.99,6.82,44.12,muskmelon
104,75,56,25.37,75.96,5.24,128.16,banana
11,85,8,23.15,68.05,6.59,68.03,blackgram
14,74,0,25.98,43.57,6.65,43.81,mothbeans
59,65,41,25.35,57.74,7.03,109.24,wheat
12,74,21,20.1,59.77,5.68,144.1,pigeonpeas
94,38,28,28.3,69.93,6.7,131.81,coffee
40,60,88,21.26,53.94,6.74,21.17,chickpea
24,66,21,32.55,58.05,6.31,22.5,mungbean
13,5,208,24.71,90.45,7.28,116.56,orange
98,48,33,31.87,90.25,5.76,90.73,muskmelon
106,1,33,20.47,81.84,6.11,203.57,coffee
51,38,29,27.37,82.43,6.31,105.57,papaya
38,51,9,17.14,78.74,6.88,99.65,pomegranate
43,69,8,21.74,43.22,5.81,69.46,mungbean
86,73,42,23.77,81.4,5.54,204.34,rice
15,0,191,21.42,84.2,6.34,93.34,orange
89,31,33,21.69,57.48,6.91,100.15,maize
2,47,14,29.03,54.74,6.96,56.88,mango
27,12,23,26.01,92.04,6.67,142.12,coconut
12,151,205,24.32,78.0,6.65,82.01,grapes
69,39,61,27.88,65.11,6.12,181.06,jute
0,59,16,24.25,38.48,6.01,98.05,pigeonpeas
12,75,23,21.05,49.95,6.89,45.29,mothbeans
40,51,50,28.79,73.36,6.56,64.34,papaya
12,20,36,32.3,56.15,6.17,92.12,mango
27,59,31,21.56,76.49,5.68,66.15,kidneybeans
104,42,57,26.82,89.76,6.13,99.9,cotton
80,44,44,17.96,47.23,7.4,78.58,wheat
43,15,26,26.01,49.06,6.26,90.19,mango
94,9,44,23.46,89.39,5.96,7.37,muskmelon
17,29,2,25.75,70.83,6.15,166.05,coconut
71,66,34,32.53,88.06,6.58,140.37,papaya
80,28,47,25.69,84.74,6.52,77.37,watermelon
89,65,44,30.25,79.8,6.31,146.62,banana
53,33,73,27.69,83.83,6.02,100.6,papaya
44,143,181,26.52,100.0,6.51,143.07,apple
29,26,25,30.7,47.58,6.64,74.14,mango
30,76,40,23.86,68.11,6.19,157.79,pigeonpeas
118,71,64,23.54,85.72,6.3,85.85,cotton
29,44,48,29.52,76.94,6.12,112.77,papaya
116,24,26,30.93,79.4,7.06,191.78,coffee
38,44,36,22.57,90.75,6.61,100.26,papaya
10,51,7,26.98,87.04,6.44,97.27,pomegranate
0,3,203,26.02,91.29,6.67,91.57,orange
52,37,18,29.18,85.97,6.88,112.5,pomegranate
122,84,50,31.91,68.55,5.36,64.6,banana
38,75,25,26.72,68.6,6.87,73.9,blackgram
72,59,47,22.94,82.94,7.14,190.21,rice
18,52,13,25.69,78.0,7.14,140.68,coconut
72,44,18,26.24,56.42,6.62,156.85,maize
88,28,47,31.77,89.01,6.26,54.74,watermelon
48,71,32,35.93,69.78,7.02,78.06,blackgram
104,23,62,22.63,54.23,6.53,104.98,wheat
37,124,190,27.06,69.68,6.35,83.22,grapes
30,3,209,24.49,76.92,6.04,96.25,orange
38,21,38,28.69,63.57,6.15,73.01,mango
57,37,26,19.07,63.43,6.33,160.81,wheat
8,140,208,22.43,100.0,6.73,132.84,apple
46,66,9,16.92,64.49,5.29,52.12,kidneybeans
83,20,28,27.98,80.14,7.74,170.6,coffee
17,39,18,27.02,68.12,6.92,51.99,blackgram
54,46,38,27.23,63.44,6.52,187.84,jute
108,10,50,27.89,80.78,5.49,42.86,muskmelon
7,49,22,24.84,96.92,5.86,138.87,pomegranate
28,28,26,32.04,49.32,4.94,79.4,mango
72,42,18,26.71,67.03,6.12,189.71,jute
103,45,47,24.69,69.68,6.87,147.63,jute
132,51,76,22.69,72.8,6.71,68.13,cotton
78,50,22,27.0,81.45,7.0,175.0,jute
125,42,39,25.43,81.74,6.11,49.04,cotton
17,59,6,23.88,48.2,6.97,46.38,lentil
28,90,17,28.21,56.54,7.7,0.0,mungbean
70,44,33,20.41,82.39,6.08,211.76,rice
43,57,41,22.15,50.99,5.31,158.07,pigeonpeas
107,25,48,33.49,88.95,5.52,56.21,muskmelon
72,14,35,29.24,76.1,6.22,45.34,muskmelon
99,33,17,26.16,86.56,7.0,192.15,coffee
28,75,42,17.77,55.44,6.53,110.18,kidneybeans
25,121,196,24.01,69.0,6.27,84.69,grapes
38,52,57,22.94,60.5,6.73,122.21,pigeonpeas
125,83,70,26.52,78.05,6.03,101.88,banana
93,74,56,30.93,89.37,5.37,137.23,banana
55,151,200,24.6,76.91,7.76,95.24,apple
7,156,197,18.99,87.13,5.85,145.85,apple
21,122,199,19.78,79.39,7.25,59.72,grapes
98,11,14,26.14,75.74,6.51,168.5,coffee
120,81,34,25.54,68.1,5.44,114.72,banana
62,46,23,33.47,66.77,6.5,203.58,jute
71,16,37,24.14,78.0,6.76,196.91,jute
69,36,60,30.46,77.21,7.49,105.79,papaya
1,28,27,31.67,69.91,4.93,72.51,mango
43,92,80,19.43,47.14,6.91,109.32,chickpea
62,62,35,31.27,93.36,6.03,139.97,papaya
21,93,60,24.66,63.73,5.95,27.08,kidneybeans
24,67,16,30.57,59.43,6.37,62.05,mungbean
92,80,59,30.83,84.56,6.05,142.45,banana
33,115,217,18.42,74.52,6.45,85.31,grapes
93,25,47,24.73,100.0,5.76,0.0,muskmelon
101,11,53,23.27,77.44,6.82,29.61,watermelon
57,87,68,17.57,39.94,6.88,86.66,chickpea
60,51,47,26.08,66.41,6.32,84.31,maize
12,72,29,35.15,61.62,7.08,22.35,mungbean
0,86,29,22.77,60.14,7.78,96.19,blackgram
93,54,47,28.82,78.8,5.94,207.53,jute
4,138,200,25.82,80.52,6.79,54.64,grapes
94,5,20,24.88,93.9,5.8,45.77,muskmelon
86,34,38,22.82,82.86,6.67,187.03,jute
0,14,227,20.01,87.72,5.24,92.48,orange
22,143,190,20.62,92.79,6.67,122.69,apple
52,46,50,25.95,93.87,7.21,96.67,papaya
60,30,45,25.14,68.47,6.57,121.97,wheat
15,138,216,21.76,91.72,6.45,140.93,apple
0,14,21,29.76,49.91,6.37,82.8,mango
94,84,38,28.31,73.9,5.93,126.95,banana
67,50,21,21.92,61.73,6.24,108.81,maize
37,71,0,22.41,45.51,6.74,0.0,mothbeans
0,67,22,27.84,63.84,7.02,85.57,blackgram
1,68,33,21.43,67.28,7.06,23.51,mungbean
92,87,59,33.58,87.65,5.97,82.74,banana
28,70,8,27.86,55.14,7.7,26.1,blackgram
40,20,20,34.77,49.0,4.92,101.46,mango
20,56,37,26.8,61.42,6.43,114.59,pigeonpeas
31,58,38,27.01,47.46,6.81,141.95,pigeonpeas
114,26,44,21.07,81.04,6.35,47.18,watermelon
3,73,10,26.45,65.6,6.91,38.95,mungbean
26,14,22,29.2,95.93,6.66,127.73,coconut
119,11,61,33.43,94.72,6.05,41.71,muskmelon
18,41,24,23.18,67.76,5.95,29.52,lentil
27,2,8,33.16,88.68,6.13,160.46,coconut
88,63,59,25.92,73.87,5.65,201.04,jute
26,76,15,24.42,59.64,6.04,42.16,lentil
29,0,183,23.98,72.71,7.12,130.52,orange
46,10,29,28.64,45.66,5.84,117.69,mango
0,84,22,30.51,54.18,6.08,53.77,mungbean
102,0,49,28.69,84.31,5.72,26.34,muskmelon
6,58,28,22.67,78.17,6.18,127.47,pomegranate
91,57,45,22.31,54.5,6.42,87.98,wheat
13,100,20,23.79,53.93,6.76,76.83,mungbean
37,129,200,20.68,77.6,6.12,84.59,grapes
63,46,19,24.64,65.01,6.09,121.48,maize
97,29,31,25.45,71.89,5.87,80.29,muskmelon
64,56,37,25.14,85.79,6.46,183.83,rice
135,51,44,23.46,66.03,6.41,102.21,cotton
103,70,72,23.3,77.03,6.81,98.77,cotton
6,76,10,27.38,56.75,7.41,39.08,blackgram
6,53,33,26.83,53.9,7.04,28.02,mothbeans
60,56,35,21.81,58.17,6.13,182.1,pigeonpeas
104,7,58,26.81,65.06,6.33,22.08,muskmelon
0,52,36,23.17,54.63,5.87,31.12,lentil
33,47,52,26.7,100.0,6.08,129.49,papaya
29,75,31,25.19,82.5,6.1,103.78,pomegranate
123,35,20,22.34,79.29,6.4,118.54,coffee
89,53,33,22.38,78.06,6.21,226.24,rice
20,26,19,26.77,46.01,7.02,103.26,mango
91,16,60,22.26,99.22,6.24,48.94,muskmelon
75,39,55,28.94,72.93,6.42,171.41,jute
25,66,24,25.32,91.67,7.14,111.95,pomegranate
16,64,26,24.87,34.04,5.94,73.24,mothbeans
8,0,194,26.27,95.52,6.4,117.09,orange
17,41,42,30.83,84.93,7.07,66.88,papaya
86,95,60,29.93,80.07,5.29,129.45,banana
10,146,180,21.58,93.42,6.28,42.13,grapes
6,68,33,9.21,81.42,6.34,55.59,kidneybeans
78,46,46,23.11,66.35,7.16,79.84,maize
34,56,38,20.64,48.69,6.0,144.61,pigeonpeas
18,63,28,21.89,48.51,5.44,156.47,pigeonpeas
9,117,208,20.15,77.35,6.73,73.35,grapes
27,50,18,25.56,61.62,7.04,0.0,mungbean
16,135,204,20.23,91.54,6.43,107.64,apple
122,45,51,23.44,68.81,6.59,51.79,cotton
64,48,41,24.54,87.69,5.94,166.65,rice
0,61,0,28.11,41.31,7.13,73.65,mothbeans
94,19,60,29.01,89.0,6.25,72.11,muskmelon
2,33,45,21.72,50.88,6.12,148.49,pigeonpeas
65,49,34,28.17,75.82,6.48,187.67,jute
18,70,34,22.17,51.94,6.63,0.17,lentil
46,69,36,19.93,56.45,6.36,42.14,lentil
18,129,217,25.51,90.86,5.86,79.35,apple
108,18,33,28.97,72.97,6.41,150.42,coffee
25,17,36,26.46,54.77,6.2,90.83,mango
70,86,45,27.95,84.67,6.64,67.32,banana
0,135,194,18.81,85.57,6.21,108.8,apple
21,61,41,31.12,49.08,5.83,25.36,mungbean
14,45,34,21.67,78.16,6.3,116.81,pomegranate
28,73,14,26.46,45.41,7.39,35.34,mungbean
99,18,39,22.32,83.72,6.16,77.49,muskmelon
104,53,48,26.38,69.08,5.54,125.24,banana
34,93,22,25.78,64.17,5.51,175.18,pigeonpeas
65,28,36,23.06,95.41,6.66,199.52,rice
89,68,56,25.82,71.39,6.87,91.88,cotton
38,51,24,21.56,57.07,6.75,58.04,lentil
87,33,39,25.8,76.51,6.66,195.15,jute
69,53,48,22.78,50.6,6.46,94.36,wheat
11,56,20,24.43,62.41,6.45,30.56,mungbean
44,92,117,21.82,48.53,7.27,97.19,chickpea
78,46,22,20.84,78.31,7.03,213.59,rice
26,79,25,23.82,46.39,6.1,49.7,lentil
13,131,207,27.61,68.09,6.38,86.17,grapes
21,16,192,24.52,83.21,6.51,108.27,orange
35,85,41,23.26,41.59,6.09,34.33,lentil
43,72,41,19.66,58.11,5.82,11.19,kidneybeans
64,39,57,25.27,59.87,6.25,87.09,wheat
102,38,30,15.54,49.89,6.14,136.05,wheat
27,86,44,16.18,68.65,5.57,47.63,kidneybeans
32,86,46,17.71,83.18,6.24,79.34,kidneybeans
131,108,51,15.49,89.89,5.73,84.96,banana
0,11,210,21.5,83.31,5.57,139.75,orange
37,69,20,27.58,94.38,6.45,89.87,papaya
39,134,194,20.01,88.07,6.28,123.84,apple
0,0,192,23.01,71.05,6.4,123.11,orange
82,0,62,23.11,83.57,6.88,39.63,watermelon
102,32,36,31.82,72.52,7.06,39.72,muskmelon
61,89,92,20.26,43.53,6.58,88.06,chickpea
12,85,53,19.75,63.96,6.09,47.33,kidneybeans
20,123,210,25.53,78.5,7.2,69.69,grapes
81,71,48,23.96,82.71,5.88,105.26,banana
16,50,19,28.1,66.28,7.68,54.09,blackgram
82,16,58,29.53,87.1,6.47,40.96,muskmelon
113,69,42,29.98,73.91,5.85,144.4,banana
93,66,45,28.63,75.81,5.88,160.53,rice
84,25,22,22.45,90.97,5.3,130.53,coffee
19,63,12,25.45,50.67,6.88,29.45,mungbean
1,139,187,22.98,91.73,5.8,36.69,grapes
113,40,30,21.2,65.01,6.24,186.02,rice
124,23,33,29.1,86.96,5.7,64.34,muskmelon
86,57,46,26.36,100.0,6.46,198.41,jute
43,136,193,27.61,89.65,6.63,52.5,grapes
81,51,27,18.76,63.43,6.78,112.04,wheat
12,43,36,21.94,69.31,7.03,12.85,lentil
126,26,45,31.97,84.74,6.11,48.93,muskmelon
0,125,220,22.57,76.08,6.36,46.98,grapes
22,73,9,22.85,83.35,7.3,57.98,pomegranate
28,69,27,19.36,69.39,5.63,191.41,pigeonpeas
55,51,47,25.5,76.32,5.93,110.13,papaya
102,12,4,28.25,77.54,6.79,122.7,coffee
0,12,193,25.89,82.92,6.11,49.47,orange
91,50,31,23.51,59.04,6.16,101.39,maize
29,55,44,17.53,49.74,5.37,54.66,kidneybeans
122,42,49,25.38,87.27,6.67,75.5,cotton
10,53,28,21.61,42.4,5.78,37.93,mothbeans
76,44,41,29.94,67.06,6.84,164.68,rice
2,57,29,28.06,53.89,6.29,27.37,mungbean
48,67,24,26.5,54.96,6.93,0.0,lentil
128,18,52,26.8,78.43,7.31,41.81,watermelon
90,57,51,22.35,58.45,6.5,100.75,maize
90,12,47,22.54,85.7,7.12,58.39,watermelon
58,56,74,21.39,56.27,6.87,60.06,chickpea
53,68,36,17.17,52.9,5.83,174.01,pigeonpeas
27,60,24,21.81,77.82,6.18,100.61,pomegranate
34,149,222,16.69,80.16,6.1,98.26,apple
26,79,92,14.46,42.56,6.25,58.75,chickpea
63,45,22,23.2,60.18,6.56,134.35,wheat
95,21,52,27.99,98.64,5.5,48.39,muskmelon
121,82,54,29.43,74.2,6.03,108.14,banana
46,20,0,28.1,79.43,6.93,167.4,coconut
29,88,0,25.24,77.08,6.64,86.26,lentil
10,43,22,21.67,78.6,6.25,153.62,pomegranate
84,60,45,21.22,53.43,6.76,94.07,wheat
4,135,187,16.22,95.82,6.79,121.68,apple
51,142,210,23.64,92.11,6.39,74.22,grapes
106,65,45,26.54,84.29,6.07,70.33,cotton
7,119,198,19.4,97.25,6.7,108.25,apple
117,43,54,25.41,83.53,6.41,36.12,cotton
99,38,52,25.62,79.31,6.3,82.47,muskmelon
25,75,47,22.7,71.0,6.25,192.92,jute
32,132,198,26.43,89.86,5.74,60.08,grapes
72,39,32,23.95,76.1,6.17,227.47,jute
40,48,66,29.49,76.36,5.99,85.02,papaya
21,149,206,25.34,67.6,6.35,142.68,apple
122,48,72,21.16,94.2,6.52,39.11,cotton
47,66,23,27.87,58.94,5.84,98.58,lentil
108,15,25,23.68,81.6,6.98,119.39,coffee
37,67,62,21.54,54.58,6.97,103.11,chickpea
27,17,0,27.06,87.41,6.24,121.13,coconut
117,35,9,30.58,82.08,6.51,128.61,coffee
61,81,64,21.87,60.63,7.19,102.27,chickpea
28,124,190,20.71,100.0,6.37,26.86,grapes
16,105,204,24.22,84.45,6.39,64.24,grapes
82,58,55,25.23,63.07,6.84,152.5,maize
29,22,48,32.91,44.64,5.41,104.47,mango
31,59,17,19.79,59.13,7.06,62.13,lentil
16,34,7,24.07,84.59,6.11,127.87,coconut
7,86,63,19.2,46.57,7.29,35.05,chickpea
88,40,10,23.07,86.07,6.93,164.94,coffee
28,144,191,23.87,99.01,6.45,160.05,apple
38,72,30,23.51,69.62,6.5,46.45,lentil
13,86,9,26.32,52.85,7.13,33.32,mothbeans
14,28,3,28.88,99.25,6.78,165.95,coconut
59,63,79,20.17,56.79,5.88,59.83,chickpea
26,74,33,23.09,57.49,5.06,200.38,pigeonpeas
39,134,214,25.4,93.44,6.75,120.57,apple
28,51,43,27.51,70.58,6.58,67.7,blackgram
5,57,27,21.8,57.59,5.69,49.67,lentil
21,38,44,26.66,45.66,6.64,61.61,mango
0,74,7,33.13,69.19,6.8,41.37,blackgram
0,91,24,23.78,51.47,6.56,77.61,mungbean
36,79,41,22.59,74.71,6.25,115.22,pomegranate
105,16,32,27.34,86.88,5.81,8.37,muskmelon
45,52,34,26.03,71.27,7.86,108.41,pomegranate
102,34,41,30.0,78.75,6.08,75.46,watermelon
55,60,48,36.04,80.16,7.37,98.47,papaya
109,18,59,28.2,81.59,6.44,51.29,watermelon
71,61,50,27.54,59.67,6.62,109.77,wheat
15,82,22,26.57,54.56,6.55,18.97,blackgram
0,5,189,25.35,80.55,6.46,120.95,orange
3,82,25,27.15,87.6,6.57,66.85,pomegranate
53,63,79,20.08,34.64,6.99,57.76,chickpea
27,24,5,21.47,78.45,7.22,158.36,coconut
0,74,20,27.61,41.24,4.91,56.98,mothbeans
28,0,11,26.11,86.66,6.3,124.07,coconut
38,45,22,29.7,52.82,5.02,82.24,mango
16,67,32,34.59,50.04,6.72,27.31,lentil
55,24,28,30.46,80.63,6.01,131.77,papaya
90,53,30,21.86,54.97,6.22,132.58,wheat
42,53,55,30.1,88.68,6.5,84.1,papaya
23,3,198,26.36,99.38,6.24,148.99,orange
48,135,216,25.82,65.26,7.15,78.38,grapes
109,68,33,23.0,74.43,5.92,78.0,cotton
104,28,55,23.9,90.21,6.71,28.23,watermelon
15,130,203,22.11,84.22,5.41,85.18,apple
32,50,56,23.17,77.64,6.43,77.83,papaya
22,75,0,24.41,62.1,6.64,31.32,mungbean
102,53,42,25.56,65.0,5.42,55.48,banana
36,28,49,27.63,60.54,5.86,119.76,mango
26,73,11,26.24,66.84,6.43,68.75,blackgram
85,68,40,27.69,61.04,6.91,207.18,rice
144,5,37,27.7,100.0,6.08,48.35,watermelon
55,52,56,24.61,86.58,6.56,105.79,papaya
8,71,12,29.98,63.22,6.8,75.47,mungbean
10,67,13,22.79,44.51,5.78,53.65,mothbeans
90,29,42,25.3,93.24,6.61,140.32,coffee
97,50,43,17.92,60.97,7.12,149.08,wheat
0,68,33,25.32,61.9,6.91,0.0,blackgram
46,83,67,22.04,59.54,6.11,82.99,chickpea
128,46,52,22.23,80.1,5.92,65.23,cotton
5,5,199,23.01,78.75,6.23,97.56,orange
113,60,16,27.4,74.04,6.44,150.74,coffee
80,47,23,21.74,79.26,6.1,200.97,rice
17,19,195,25.51,87.37,6.86,104.24,orange
68,58,53,24.27,76.82,5.93,100.16,maize
44,128,214,22.56,82.15,6.6,73.87,grapes
42,19,55,27.89,95.77,6.69,63.03,papaya
83,87,80,29.34,73.09,6.57,97.08,banana
26,23,17,26.14,76.66,6.54,130.27,coconut
70,30,59,24.2,100.0,5.73,128.81,papaya
5,60,37,31.06,62.09,7.43,68.53,blackgram
22,70,48,24.2,47.11,5.86,179.87,pigeonpeas
20,68,34,19.46,50.32,5.76,158.99,pigeonpeas
76,48,31,20.67,47.92,6.71,137.79,wheat
71,26,50,20.28,65.48,6.64,139.02,maize
29,64,11,25.01,55.64,7.41,13.27,lentil
38,148,212,22.28,84.65,5.8,109.0,apple
70,22,65,26.37,84.38,6.24,138.57,papaya
99,77,58,25.81,92.74,6.73,82.71,banana
4,84,50,25.27,51.3,5.93,114.17,pigeonpeas
89,49,51,21.76,55.63,5.8,117.91,wheat
39,81,58,16.19,63.16,4.98,55.19,kidneybeans
2,56,6,26.99,54.41,6.56,35.48,lentil
52,78,37,14.92,74.84,5.32,105.71,kidneybeans
15,132,229,21.41,96.32,7.5,72.57,grapes
27,52,22,19.78,64.54,6.48,156.08,pigeonpeas
16,24,29,30.28,50.6,5.74,97.18,mango
58,88,87,17.36,65.9,6.73,66.62,chickpea
36,99,39,23.18,49.1,6.09,161.51,pigeonpeas
75,27,78,24.55,88.31,5.88,199.91,jute
38,126,215,27.41,80.82,6.27,50.68,grapes
108,28,77,22.68,89.08,6.13,123.46,cotton
30,58,20,23.6,50.85,7.18,50.4,blackgram
95,47,10,25.51,73.79,6.71,149.6,coffee
27,52,30,22.33,85.1,6.45,78.21,pomegranate
84,43,37,27.76,88.54,5.93,136.73,jute
0,62,17,25.88,50.36,6.81,67.59,mothbeans
5,35,14,27.07,68.65,5.84,165.25,coconut
63,45,64,23.92,50.43,7.09,129.98,wheat
12,40,2,29.15,84.19,7.45,158.52,coconut
110,11,45,23.57,66.67,5.45,10.74,muskmelon
0,68,20,21.62,71.22,6.03,103.03,kidneybeans
26,83,0,29.23,52.79,6.56,46.47,mungbean
0,57,29,23.41,46.28,6.52,6.36,mothbeans
66,21,40,28.27,72.41,6.98,135.9,maize
13,81,33,17.65,59.92,6.67,56.97,kidneybeans
82,59,46,23.67,75.68,6.74,252.05,rice
9,26,191,23.21,71.31,7.37,73.24,orange
116,53,42,20.56,71.12,6.0,126.4,coffee
81,43,44,25.22,46.79,6.87,77.5,wheat
0,143,178,24.74,87.09,5.77,51.89,grapes
18,141,205,21.56,70.68,5.77,79.7,grapes
2,0,196,18.04,83.03,5.74,109.6,orange
26,42,36,29.73,91.37,6.85,178.97,coconut
116,32,45,23.7,74.98,6.84,107.99,cotton
20,73,6,27.34,59.88,5.72,40.02,mungbean
80,46,51,21.83,83.13,6.08,162.22,jute
66,50,45,21.57,68.39,6.26,104.64,maize
95,39,42,26.05,80.67,6.46,40.42,watermelon
19,20,176,22.76,97.6,6.64,70.09,orange
22,54,10,27.91,61.1,6.22,57.74,lentil
44,18,13,24.66,81.09,5.47,131.88,coconut
22,16,224,24.13,94.62,5.77,79.38,orange
25,130,189,24.23,91.17,6.72,75.78,grapes
27,85,88,18.67,46.16,7.15,86.58,chickpea
39,50,76,22.67,54.6,7.25,76.24,chickpea
72,26,36,25.11,85.0,5.95,14.7,muskmelon
85,71,34,27.32,82.45,7.15,189.41,jute
99,79,52,23.55,78.45,6.37,121.05,banana
21,66,33,27.82,58.63,7.05,53.94,lentil
22,66,28,26.16,54.54,7.09,43.55,mungbean
105,24,53,28.47,85.44,6.5,84.92,watermelon
46,85,88,15.49,58.42,6.5,65.4,chickpea
12,29,44,31.15,74.25,6.93,133.42,coconut
94,33,28,30.88,66.72,6.91,168.58,coffee
68,44,51,23.99,77.76,6.76,207.43,rice
26,71,22,30.76,73.15,6.7,44.6,blackgram
86,51,58,22.38,51.56,6.86,108.58,wheat
73,51,39,22.05,66.35,6.72,77.74,maize
89,23,53,27.49,90.08,5.49,65.26,muskmelon
71,46,52,30.18,89.43,6.19,102.41,papaya
38,67,20,23.44,69.7,5.88,60.2,lentil
79,56,23,26.69,61.14,6.57,145.31,maize
50,59,26,27.74,75.06,7.2,54.13,blackgram
68,70,42,17.71,56.02,6.46,116.02,wheat
53,53,89,20.04,42.37,6.8,92.16,chickpea
15,18,23,24.03,81.69,6.56,151.17,coconut
118,31,42,29.03,74.78,6.46,48.15,muskmelon
98,30,0,30.77,82.29,6.08,186.63,coffee
45,48,47,19.79,43.68,6.11,175.24,pigeonpeas
68,43,19,20.64,35.61,6.01,114.01,wheat
86,61,52,23.38,54.44,5.97,105.74,wheat
60,63,39,24.99,68.63,5.18,105.34,pigeonpeas
52,44,52,20.24,67.35,5.82,116.66,maize
36,66,4,30.23,53.36,6.52,75.19,mungbean
91,41,46,25.83,79.55,6.25,159.05,jute
27,21,13,29.48,70.1,6.23,137.88,coconut
24,76,66,22.0,53.7,6.14,58.06,chickpea
3,131,160,20.23,89.35,6.78,103.28,apple
116,32,64,24.0,75.22,5.95,88.36,watermelon
32,60,15,26.64,40.63,6.33,53.32,mungbean
35,71,0,25.42,70.38,7.08,89.52,blackgram
51,54,51,20.27,34.27,6.53,104.8,wheat
4,53,42,21.76,50.37,5.76,167.4,pigeonpeas
30,68,12,17.85,62.99,7.23,30.22,lentil
0,53,60,20.25,45.61,5.9,201.7,pigeonpeas
0,1,197,24.5,87.47,7.08,112.7,orange
101,0,47,29.35,87.83,6.45,40.31,muskmelon
6,60,24,25.05,42.82,6.26,76.86,mothbeans
77,51,23,21.37,82.89,5.92,214.39,rice
119,23,60,27.03,93.45,6.7,55.34,watermelon
35,67,30,20.64,70.77,5.34,98.89,kidneybeans
62,53,16,19.02,83.57,6.87,209.28,rice
32,12,2,24.21,78.99,6.76,178.81,coconut
0,36,188,23.51,92.07,6.36,92.75,orange
32,63,34,25.11,43.62,5.51,140.06,pigeonpeas
84,75,42,21.82,63.54,7.19,88.85,maize
62,71,29,18.66,97.02,6.89,97.9,pomegranate
25,61,38,22.64,47.05,5.49,115.29,pigeonpeas
77,73,30,21.97,69.11,6.59,113.77,maize
9,78,37,27.05,63.07,7.73,72.64,blackgram
108,16,45,32.91,92.52,6.12,69.27,watermelon
117,68,55,26.96,77.33,6.44,126.98,banana
55,39,60,34.02,94.9,6.79,71.97,muskmelon
101,5,46,31.17,87.55,6.49,102.4,watermelon
32,82,1,31.24,65.3,7.55,58.24,blackgram
45,62,49,27.44,75.01,6.89,83.7,papaya
143,76,52,26.99,80.35,5.98,121.92,cotton
68,49,74,19.49,67.03,6.73,132.14,maize
9,78,25,19.37,45.69,6.69,70.94,mothbeans
49,43,54,29.53,80.42,6.58,130.91,papaya
92,7,47,26.78,99.81,5.42,52.57,muskmelon
30,74,102,19.43,55.76,6.35,51.09,chickpea
19,111,198,25.87,94.44,5.9,64.34,grapes
87,28,48,26.84,78.49,5.62,58.0,muskmelon
9,81,12,21.58,50.61,6.84,46.46,mothbeans
31,41,36,26.31,88.78,6.34,201.37,coconut
0,73,17,17.79,54.05,6.79,87.78,kidneybeans
15,66,40,23.44,52.85,5.08,139.18,pigeonpeas
118,36,28,23.48,86.67,6.96,133.28,coffee
26,74,23,23.03,54.73,6.84,57.69,mothbeans
104,24,64,26.0,78.15,5.41,54.57,muskmelon
19,135,189,20.37,89.94,6.86,76.65,grapes
76,37,7,25.31,72.23,5.32,79.76,maize
88,23,63,23.49,83.8,5.63,45.17,watermelon
102,83,34,28.67,85.06,6.34,128.66,banana
154,72,56,27.42,62.19,6.11,73.25,cotton
98,0,38,29.69,63.08,7.09,68.03,watermelon
70,53,39,22.34,86.91,6.88,191.74,rice
76,41,29,20.55,81.38,6.67,211.92,rice
0,0,27,30.74,46.0,5.46,104.04,mango
94,42,58,22.59,71.6,6.46,138.4,wheat
44,60,32,16.09,55.83,7.02,156.93,pigeonpeas
45,74,14,25.15,62.27,6.5,61.2,blackgram
91,26,65,22.52,83.65,6.64,52.45,watermelon
72,47,28,21.67,85.02,6.88,181.95,rice
42,18,21,32.87,64.47,5.42,59.9,mango
118,44,39,27.59,91.71,7.09,97.31,cotton
82,42,41,18.1,81.36,5.28,202.2,jute
0,9,199,24.24,100.0,6.69,49.1,orange
18,4,21,24.55,76.56,6.14,212.13,coconut
38,72,21,15.59,64.41,5.76,114.31,kidneybeans
101,64,43,22.98,91.6,5.94,66.83,cotton
57,60,41,27.34,74.92,6.82,196.1,jute
0,0,204,23.67,88.44,7.2,113.73,orange
109,16,12,28.77,75.5,7.06,161.87,coffee
105,23,45,30.71,79.95,7.48,187.2,coffee
34,64,92,22.76,40.03,7.03,57.26,chickpea
30,82,20,26.2,42.53,6.91,45.6,mungbean
88,31,64,24.03,81.07,6.23,120.81,watermelon
31,59,21,26.06,68.48,7.56,102.92,pomegranate
56,65,5,22.78,85.11,6.78,95.22,pomegranate
98,18,41,30.82,85.61,5.91,31.31,muskmelon
23,134,209,25.83,77.35,6.66,87.0,grapes
13,8,186,24.58,98.22,6.39,106.7,orange
23,123,183,21.43,81.59,6.66,78.71,grapes
52,61,9,24.74,43.58,7.24,42.92,mothbeans
55,93,61,14.36,64.97,7.19,53.29,chickpea
43,16,41,30.62,58.57,6.21,49.88,mango
71,60,26,24.59,93.53,5.26,185.08,rice
57,45,50,23.64,72.03,6.59,214.63,rice
57,64,51,33.03,100.0,6.77,75.18,papaya
26,66,38,25.58,54.33,5.44,140.16,pigeonpeas
22,70,32,29.0,66.82,6.0,38.4,mungbean
82,54,63,25.85,77.38,6.05,217.3,rice
33,70,21,25.16,52.59,7.14,82.37,mothbeans
51,62,77,17.02,29.5,6.9,135.32,chickpea
5,65,35,28.04,45.11,7.13,53.28,mungbean
116,17,44,25.79,84.55,5.96,55.17,muskmelon
10,68,0,22.36,41.26,6.57,74.86,mothbeans
54,54,35,20.97,86.89,7.02,228.28,rice
32,18,33,29.31,60.34,5.23,80.92,mango
0,59,26,33.15,64.22,7.16,83.81,blackgram
6,65,8,21.53,74.7,6.05,145.49,pomegranate
50,52,95,20.78,47.05,7.07,30.59,chickpea
89,50,29,23.23,76.58,6.99,201.32,rice
11,22,10,29.47,86.12,5.94,152.03,coconut
69,48,48,19.82,56.49,6.42,79.71,wheat
50,62,83,20.88,48.12,6.61,57.74,chickpea
3,80,23,27.94,84.88,6.07,104.66,pomegranate
60,44,52,25.64,63.09,6.32,95.21,maize
113,43,44,28.63,81.05,7.53,135.21,maize
95,94,47,28.29,79.09,5.97,95.57,banana
37,118,188,22.69,84.21,8.19,122.89,apple
92,13,60,25.04,92.32,7.11,13.28,watermelon
26,68,28,27.81,43.39,6.54,61.22,mungbean
25,67,10,21.77,83.28,4.7,92.47,pomegranate
75,61,41,24.68,76.19,6.58,199.91,jute
123,33,33,27.67,90.89,6.81,39.27,watermelon
95,55,18,23.98,98.43,6.69,184.2,jute
44,75,84,21.17,39.39,7.52,104.24,chickpea
14,69,44,25.58,44.94,6.37,164.76,pigeonpeas
103,63,37,27.84,65.54,6.93,117.12,maize
30,64,6,27.17,45.29,6.03,45.55,mothbeans
74,46,37,27.77,78.96,7.01,213.45,jute
13,41,42,24.38,54.02,5.77,146.02,pigeonpeas
52,13,10,27.89,90.73,6.96,125.96,coconut
33,65,34,19.88,54.16,7.43,60.49,mothbeans
124,4,70,27.22,85.28,5.46,30.72,muskmelon
108,23,36,25.82,82.03,5.61,30.48,watermelon
0,78,32,19.24,86.41,6.73,108.17,pomegranate
12,128,205,17.19,78.45,6.51,109.44,apple
111,71,37,25.91,87.16,7.18,180.88,rice
25,109,199,16.96,80.33,6.41,141.91,apple
76,47,8,22.84,80.15,6.85,251.22,rice
12,59,29,23.53,44.87,7.33,28.6,mothbeans
84,58,38,25.86,79.7,6.55,169.99,jute
127,49,41,25.96,86.71,5.4,68.69,cotton
74,53,48,25.94,69.44,6.54,100.07,maize
17,35,211,23.73,90.03,6.24,76.25,orange
36,66,84,20.26,32.25,6.89,53.71,chickpea
78,22,64,26.45,72.95,6.92,97.14,watermelon
31,125,213,20.67,82.59,5.73,80.1,grapes
87,5,60,28.96,88.19,5.81,43.02,muskmelon
31,58,10,28.31,46.49,7.84,71.04,blackgram
21,4,32,27.45,60.32,7.1,70.34,mango
10,21,208,24.37,81.28,5.78,102.66,orange
89,41,50,24.92,59.97,6.01,76.82,wheat
85,42,51,23.92,88.5,6.81,184.28,rice
105,42,45,21.95,64.51,8.06,81.73,wheat
72,47,46,26.45,71.88,6.21,100.82,maize
90,45,43,23.04,82.78,6.11,205.61,rice
0,60,39,20.81,45.53,5.8,156.73,pigeonpeas
89,54,77,26.36,80.98,6.02,164.84,rice
124,33,55,32.72,77.18,7.44,30.87,watermelon
106,53,40,21.57,72.49,6.46,108.59,cotton
23,119,200,22.49,91.03,6.39,138.45,apple
101,11,39,29.1,91.76,6.8,92.88,watermelon
76,56,53,19.64,44.35,5.88,107.7,wheat
85,56,58,22.59,60.67,6.76,131.0,wheat
32,56,28,25.21,55.93,6.83,45.36,blackgram
15,66,8,22.13,49.65,6.6,1.3,mungbean
96,30,35,23.13,67.52,6.77,81.12,wheat
84,75,50,22.02,91.61,6.3,154.05,rice
47,24,12,29.4,89.53,6.52,156.66,coconut
28,36,13,28.21,84.44,6.71,133.64,coconut
12,67,56,23.76,51.7,6.13,143.98,pigeonpeas
21,65,26,22.04,80.11,6.24,143.83,pomegranate
122,12,25,26.93,73.92,5.99,175.43,coffee
24,59,18,24.54,53.48,5.76,90.14,lentil
93,40,69,24.95,52.4,5.55,152.27,wheat
59,37,53,29.13,64.16,6.42,106.75,maize
10,124,187,22.65,76.75,6.55,34.63,grapes
32,66,38,20.22,49.73,6.46,66.82,kidneybeans
103,20,52,23.79,80.78,6.5,50.13,watermelon
20,51,34,25.49,64.53,7.22,64.99,blackgram
23,139,195,26.49,60.87,5.99,99.48,grapes
89,47,42,31.08,91.75,6.16,33.24,muskmelon
99,59,26,21.43,85.91,5.89,222.82,rice
124,49,34,26.61,85.95,6.16,102.69,cotton
36,95,8,26.98,66.85,7.39,46.01,blackgram
3,73,0,27.72,55.13,6.9,59.34,mungbean
62,25,54,28.66,98.35,5.74,138.93,papaya
102,48,29,21.28,75.42,7.13,153.55,coffee
77,61,43,22.45,52.09,6.77,102.7,wheat
11,68,47,18.47,60.31,5.91,82.87,kidneybeans
81,59,20,24.63,76.7,6.79,185.92,rice
15,67,49,17.15,57.4,6.47,139.62,pigeonpeas
80,32,44,27.55,74.3,5.99,41.79,muskmelon
68,53,42,29.2,98.66,6.96,113.69,papaya
18,27,33,29.5,54.9,5.51,52.57,mango
13,86,36,22.6,54.97,5.19,7.96,lentil
12,138,202,16.44,83.43,6.7,75.5,grapes
79,47,46,26.81,66.72,6.54,235.9,jute
87,58,46,25.3,85.58,5.29,177.78,jute
125,54,42,24.02,92.22,6.01,36.21,cotton
8,64,14,25.6,52.22,6.89,8.65,mungbean
14,44,4,24.06,50.95,6.47,18.13,lentil
49,79,73,20.37,65.63,6.75,48.53,chickpea
81,48,54,27.56,85.72,6.79,113.14,maize
26,50,20,26.36,91.93,6.32,152.13,coconut
69,37,39,23.08,71.24,7.16,139.89,maize
0,142,211,26.49,82.98,6.61,100.81,grapes
80,53,57,26.42,81.61,6.02,191.78,jute
94,42,59,28.9,52.1,6.58,131.33,wheat
19,74,36,17.72,60.77,5.04,73.04,kidneybeans
29,70,24,24.24,49.7,7.69,79.61,mothbeans
92,39,45,26.93,69.01,6.59,130.03,maize
28,66,57,30.36,89.71,6.58,136.52,papaya
80,37,22,27.35,85.35,6.29,148.24,coffee
83,48,33,21.36,81.74,6.23,187.18,rice
110,42,66,25.08,69.46,7.18,106.72,muskmelon
83,51,32,29.43,87.07,5.49,209.66,rice
50,45,51,28.36,77.35,6.3,101.93,papaya
85,55,11,24.28,79.7,7.14,176.19,jute
39,58,46,17.2,71.77,4.74,62.52,kidneybeans
103,21,54,26.72,85.07,6.21,36.22,watermelon
20,67,21,26.46,38.16,7.52,38.88,mungbean
73,72,45,25.5,95.88,5.33,154.62,jute
19,14,12,27.52,100.0,6.13,142.05,coconut
87,48,48,27.57,80.13,6.38,244.48,rice
58,39,35,27.78,77.77,6.9,120.36,papaya
99,73,39,28.0,69.33,5.88,113.33,banana
86,110,33,23.11,90.51,6.36,79.35,banana
107,38,55,25.91,72.05,5.44,51.83,muskmelon
92,23,43,25.31,70.17,7.07,213.46,rice
108,4,71,24.68,83.21,6.67,40.87,watermelon
10,153,213,23.57,86.41,6.06,95.22,apple
4,71,23,26.87,43.67,6.52,15.87,mothbeans
60,64,48,33.97,80.29,6.62,106.13,papaya
13,73,26,26.12,94.43,6.7,75.61,pomegranate
120,18,25,28.29,95.2,6.96,38.43,watermelon
10,72,21,28.45,43.71,6.9,40.99,mungbean
65,55,71,33.05,82.26,7.75,100.61,papaya
36,128,189,21.08,82.26,6.78,80.96,apple
38,49,44,16.07,55.38,6.95,126.3,pigeonpeas
38,41,35,28.32,92.23,6.06,169.41,coconut
39,66,20,15.23,77.5,5.66,58.92,kidneybeans
51,75,68,19.27,49.69,6.93,83.35,chickpea
87,44,33,23.82,67.99,6.52,194.59,jute
80,82,44,26.94,83.5,6.37,207.35,jute
70,39,44,19.06,58.27,5.95,120.73,wheat
83,52,20,26.08,89.26,7.07,191.71,jute
40,55,28,23.16,48.73,6.41,28.86,mothbeans
25,158,201,23.79,82.2,6.88,96.84,apple
32,95,18,29.77,64.14,7.97,16.32,blackgram
8,21,10,32.49,61.97,6.16,61.97,mango
103,51,60,18.86,68.37,6.47,214.6,rice
17,128,213,22.17,86.37,6.5,70.57,grapes
46,72,30,31.67,67.7,6.7,84.39,blackgram
113,49,0,24.05,77.87,5.8,137.87,coffee
36,20,23,25.95,66.36,6.3,72.33,mango
64,21,53,26.21,62.75,6.53,117.9,maize
81,40,36,21.04,58.39,7.06,80.66,wheat
22,88,4,25.18,78.58,6.25,89.92,pomegranate
23,66,80,21.8,55.35,6.63,77.05,chickpea
60,51,52,25.88,98.93,7.92,93.04,papaya
89,109,54,24.49,93.22,7.04,104.17,banana
98,44,12,26.76,73.85,6.56,120.11,coffee
11,21,18,32.02,88.98,5.58,118.38,coconut
0,30,50,31.18,46.3,5.94,62.04,mango
15,22,32,25.19,40.48,6.15,93.39,mango
112,45,40,18.77,89.12,6.99,53.17,cotton
3,127,214,19.56,91.44,6.61,142.45,apple
62,60,56,22.78,90.03,6.68,188.87,rice
16,75,46,15.88,59.3,5.74,42.58,kidneybeans
17,83,19,29.51,52.45,5.99,31.92,mungbean
53,46,33,24.96,75.72,5.56,107.88,maize
30,67,18,24.37,77.73,7.44,84.1,blackgram
62,92,80,23.03,60.73,6.63,62.87,chickpea
19,0,173,21.07,88.06,7.79,113.58,orange
116,52,25,24.25,86.68,6.92,190.96,coffee
57,49,0,19.5,67.19,7.06,32.19,lentil
33,60,20,23.06,61.03,5.31,0.0,lentil
9,50,44,31.76,48.77,6.64,45.44,mungbean
10,14,199,19.82,94.11,7.46,110.23,orange
9,79,56,20.09,67.27,5.31,43.83,kidneybeans
20,139,196,20.56,85.26,6.49,50.43,apple
32,0,21,31.23,58.28,6.61,86.38,mango
124,100,59,26.24,54.07,6.15,104.95,banana
19,68,38,23.13,68.58,7.21,80.86,lentil
24,71,34,25.66,47.99,6.86,106.31,pigeonpeas
5,77,42,24.1,40.18,6.44,35.39,mungbean
82,58,59,19.29,99.06,5.52,201.21,rice
6,59,4,32.01,77.39,7.16,90.53,blackgram
11,51,30,23.86,51.51,6.37,33.26,mungbean
14,44,46,16.51,45.17,4.96,147.85,pigeonpeas
0,12,30,29.56,63.05,5.47,96.52,mango
30,120,188,17.81,89.77,6.3,78.93,grapes
35,77,36,21.44,53.8,6.82,38.15,mothbeans
71,62,60,29.64,82.13,5.77,94.97,papaya
8,0,213,20.81,88.91,6.65,133.84,orange
24,137,196,17.41,90.15,6.6,65.51,grapes
120,73,41,33.36,87.82,4.81,90.87,banana
43,57,0,27.32,66.8,6.4,187.94,pomegranate
31,66,73,13.38,57.18,7.64,91.29,chickpea
21,73,0,25.44,41.56,6.91,25.93,mothbeans
107,11,72,31.63,89.83,7.18,56.62,watermelon
25,38,22,30.41,77.71,6.4,187.11,coconut
45,75,92,19.01,45.1,6.46,54.36,chickpea
16,68,20,17.35,50.65,5.95,65.55,lentil
27,71,20,20.85,60.96,6.57,45.71,mungbean
22,69,17,30.24,57.6,7.64,13.69,mungbean
49,108,194,17.62,80.25,6.64,114.77,grapes
11,69,20,18.25,73.23,6.67,91.57,pomegranate
24,63,31,22.18,58.4,7.2,83.48,lentil
25,32,6,31.9,92.21,6.46,146.28,coconut
76,32,54,26.53,86.34,7.15,154.37,jute
52,48,61,21.6,80.64,7.6,190.8,jute
109,32,38,27.62,75.14,6.21,128.01,coffee
4,127,196,28.76,83.2,6.58,95.92,grapes
66,6,43,27.99,83.84,5.94,60.2,muskmelon
11,113,195,18.59,91.85,6.17,137.79,apple
45,34,16,27.69,74.45,6.75,156.86,coconut
109,15,48,31.81,95.36,5.86,34.23,muskmelon
14,121,202,20.81,83.37,6.92,88.36,grapes
0,14,207,21.42,89.42,6.42,86.21,orange
42,7,32,33.32,91.11,6.9,154.24,coconut
92,40,39,23.96,70.92,6.28,42.41,watermelon
112,20,43,29.98,89.22,6.12,56.23,watermelon
116,10,40,31.95,90.17,6.04,61.83,muskmelon
38,26,37,28.87,49.75,6.63,77.57,mango
24,15,42,30.56,55.42,6.39,80.62,mango
87,16,22,26.44,75.63,6.89,161.63,coffee
96,20,8,26.01,76.09,7.34,186.66,coffee
33,18,39,26.48,52.15,6.82,91.71,mango
23,53,14,27.1,62.13,6.72,32.57,blackgram
84,54,35,21.54,78.54,6.7,194.48,rice
94,77,57,22.32,71.38,6.17,120.57,banana
23,77,20,27.35,65.47,6.7,51.42,blackgram
15,151,198,19.09,100.0,5.59,91.53,apple
39,67,14,21.02,38.44,6.83,64.45,mothbeans
34,34,5,27.06,76.46,6.47,144.35,coconut
36,34,47,25.12,84.59,6.84,124.88,papaya
99,31,33,23.02,82.38,6.27,220.57,rice
106,31,16,23.32,50.98,6.29,112.71,wheat
86,76,49,32.67,81.91,5.58,110.52,banana
32,86,35,21.94,66.56,6.02,62.4,lentil
40,82,19,22.93,69.82,5.89,55.96,lentil
33,58,3,28.32,62.45,7.31,58.0,blackgram
111,38,53,26.23,71.36,6.46,75.59,watermelon
18,4,209,18.94,87.98,6.79,118.51,orange
111,38,52,27.42,69.17,6.01,51.78,muskmelon
0,33,60,28.65,70.16,5.87,55.69,mango
0,52,58,27.57,54.17,5.38,202.4,pigeonpeas
95,18,13,25.6,84.09,5.7,149.57,coffee
35,75,68,19.93,48.61,7.11,65.76,chickpea
70,80,83,23.14,51.16,7.01,66.21,chickpea
36,70,14,23.26,83.65,6.8,144.37,pomegranate
25,134,206,23.09,100.0,6.39,69.23,grapes
10,66,37,30.32,63.74,7.15,44.99,blackgram
71,67,26,26.05,67.36,6.88,49.74,blackgram
104,34,14,27.35,68.82,6.38,163.9,coffee
32,70,33,14.72,71.68,6.26,26.36,kidneybeans
16,8,26,29.73,92.51,6.88,146.66,coconut
55,61,43,26.63,91.34,6.63,77.34,papaya
45,46,42,28.41,82.41,6.75,59.44,papaya
32,58,30,20.31,61.62,6.51,35.09,mothbeans
79,48,34,20.01,43.78,7.67,63.9,wheat
117,45,53,28.8,93.3,6.36,59.56,watermelon
114,93,59,25.11,74.35,5.35,107.1,banana
104,33,35,23.39,93.53,5.78,234.08,rice
80,9,40,25.81,81.15,6.12,71.64,muskmelon
30,69,27,26.03,54.61,6.86,112.82,mungbean
55,68,38,21.72,73.9,5.67,225.58,rice
57,28,54,29.32,66.07,7.08,109.87,wheat
27,22,32,29.93,59.08,5.6,124.99,mango
13,84,38,25.55,53.36,7.15,46.31,blackgram
45,1,212,22.82,81.31,6.55,116.23,orange
74,60,51,22.4,87.98,6.3,205.29,jute
88,37,28,32.14,89.01,6.62,134.49,coffee
14,69,26,27.25,82.33,7.26,56.61,pomegranate
104,58,47,28.32,75.83,5.47,126.15,banana
52,125,218,27.84,71.99,7.02,58.71,grapes
0,0,196,25.72,93.91,6.74,90.41,orange
22,135,192,24.69,86.22,6.13,94.53,grapes
21,81,44,22.58,44.84,6.14,129.2,pigeonpeas
17,76,63,20.45,64.62,5.71,56.08,kidneybeans
19,13,183,23.0,85.1,6.27,67.4,orange
29,117,207,22.16,77.4,6.62,77.58,grapes
77,24,37,25.62,75.47,5.77,49.3,muskmelon
2,140,183,23.81,95.02,5.67,148.75,apple
32,48,67,23.71,48.75,6.73,79.0,chickpea
109,36,47,22.4,84.77,6.47,100.69,cotton
97,92,40,25.52,63.92,5.34,150.19,banana
67,52,41,19.57,84.86,6.78,232.08,rice
81,0,41,30.42,97.64,6.46,76.44,muskmelon
42,17,32,28.52,46.87,5.13,63.62,mango
8,0,214,18.36,87.38,6.48,100.4,orange
20,79,7,27.92,50.0,6.87,35.79,mungbean
25,81,48,19.68,58.2,5.31,49.82,lentil
22,12,23,27.2,84.8,6.71,139.25,coconut
54,36,53,19.05,53.2,7.08,70.79,wheat
105,57,31,27.66,76.38,6.12,121.4,jute
34,133,191,21.66,87.28,7.48,79.36,apple
103,83,54,27.28,89.94,6.06,68.54,banana
113,17,27,26.55,85.35,6.61,35.8,muskmelon
49,11,38,34.3,43.98,5.83,118.56,mango
57,62,52,29.44,86.25,6.84,60.57,papaya
32,83,20,19.73,66.74,6.88,0.0,lentil
6,55,44,18.44,60.09,5.87,104.72,kidneybeans
15,72,21,26.81,66.22,6.52,22.57,lentil
7,76,10,23.35,97.34,7.0,132.56,pomegranate
20,57,19,23.85,86.29,6.83,84.02,pomegranate
28,79,31,26.68,42.76,6.81,140.68,pigeonpeas
6,64,14,23.55,48.46,5.93,24.69,mungbean
40,62,31,28.91,60.49,5.95,43.66,mothbeans
106,37,42,28.24,64.36,6.73,78.44,maize
30,62,17,27.96,56.2,6.55,45.9,mungbean
101,38,9,21.05,85.39,5.74,182.12,coffee
89,84,60,29.39,68.61,6.96,88.97,banana
98,76,51,34.91,89.23,6.58,115.89,banana
32,38,21,27.43,85.14,7.39,140.78,coconut
60,32,75,24.33,93.2,6.0,84.53,papaya
101,54,66,24.12,81.69,7.09,46.39,cotton
17,56,23,15.98,45.99,6.41,47.06,lentil
8,32,25,31.81,66.21,5.4,75.85,mango
4,59,29,22.15,74.22,6.2,109.2,pomegranate
0,20,200,22.44,94.95,6.14,115.95,orange
85,50,32,24.1,50.39,6.86,159.0,wheat
117,47,77,26.43,99.85,6.25,82.88,cotton
33,82,47,18.85,65.9,6.82,228.8,pigeonpeas
98,75,65,27.79,73.73,5.76,133.03,banana
97,66,30,29.9,84.36,6.22,128.03,banana
107,19,63,30.91,88.31,6.03,66.43,muskmelon
111,12,33,24.11,73.3,6.5,12.14,muskmelon
107,22,59,23.85,82.28,6.39,66.39,watermelon
29,66,18,20.54,63.23,7.48,44.21,blackgram
32,49,25,22.82,53.9,6.12,35.16,lentil
19,49,20,27.63,80.2,6.71,131.29,pomegranate
24,29,235,24.75,84.7,6.73,93.34,orange
0,14,191,23.26,92.47,6.39,105.76,orange
48,50,63,27.66,85.12,6.2,110.77,papaya
25,85,33,24.77,59.61,7.48,0.0,blackgram
92,49,34,24.09,58.15,7.25,110.88,wheat
85,23,31,25.1,65.62,7.37,136.75,coffee
50,46,13,21.0,68.21,7.16,148.82,coconut
27,70,11,30.43,69.25,7.43,56.92,blackgram
80,10,62,28.1,81.94,5.94,62.23,muskmelon
110,12,48,29.06,79.87,6.22,69.79,watermelon
10,62,13,29.61,63.27,6.3,57.7,mungbean
26,69,11,27.44,42.2,7.64,4.14,mungbean
40,76,52,19.57,56.17,5.63,45.5,kidneybeans
90,55,34,29.33,55.45,6.96,130.01,maize
53,30,41,23.78,74.77,6.82,163.46,rice
26,17,16,24.55,50.89,6.45,121.4,mango
32,48,26,17.15,62.59,5.2,74.72,kidneybeans
52,68,85,18.45,48.43,6.9,56.34,chickpea
81,60,72,26.11,90.62,7.17,77.59,papaya
77,79,32,26.92,68.42,6.52,109.22,wheat
22,65,10,20.82,79.28,7.06,93.47,pomegranate
67,52,40,23.5,81.62,7.02,184.85,jute
122,34,53,18.06,85.55,6.86,118.98,cotton
70,51,32,22.81,76.73,6.14,192.09,jute
64,64,38,25.09,67.96,7.01,190.68,jute
37,61,37,24.96,49.3,5.23,145.98,pigeonpeas
90,63,19,19.45,65.69,6.37,222.94,rice
1,38,55,34.63,52.31,5.42,63.36,mango
12,83,48,25.42,69.27,6.64,86.02,blackgram
10,16,0,28.2,79.85,7.06,159.75,coconut
64,28,41,23.63,77.11,6.82,79.4,maize
81,50,56,23.85,50.82,7.13,82.36,maize
90,12,43,26.22,74.76,5.44,29.27,muskmelon
0,39,183,26.85,93.45,5.91,96.89,orange
34,138,199,20.53,74.54,7.08,62.88,grapes
112,62,22,21.55,92.14,6.15,216.1,rice
61,44,36,29.66,87.4,7.07,195.5,jute
58,27,18,26.84,81.63,6.55,149.07,coconut
10,30,26,20.34,33.86,5.08,70.35,mothbeans
58,36,65,32.29,79.22,6.6,116.06,papaya
73,59,37,27.77,67.43,5.68,165.22,jute
13,63,44,24.0,92.53,6.49,130.4,papaya
21,60,13,29.61,53.19,7.72,55.93,lentil
118,29,47,24.47,88.46,6.56,68.88,muskmelon
96,67,52,22.81,76.98,5.49,99.83,cotton
20,19,201,26.67,100.0,7.36,86.94,orange
12,68,11,24.62,57.48,5.86,24.63,mungbean
73,43,44,22.48,55.02,7.02,124.77,wheat
5,70,16,19.96,57.75,6.75,58.2,lentil
59,63,22,12.36,70.7,4.86,55.69,kidneybeans
101,8,53,21.84,93.38,6.52,41.98,watermelon
0,68,14,28.78,50.15,5.91,48.75,mothbeans
23,56,33,28.63,56.59,6.5,22.06,mungbean
67,44,37,27.16,76.74,6.09,166.21,jute
133,61,47,19.47,81.97,6.04,47.75,cotton
33,57,11,28.2,63.23,6.75,41.21,mungbean
116,42,43,30.13,81.8,5.51,71.99,cotton
11,123,215,23.85,83.0,6.44,45.42,grapes
0,64,34,22.17,61.92,5.99,68.53,kidneybeans
13,77,17,23.41,88.28,6.2,147.33,pomegranate
121,12,52,28.88,87.99,5.87,82.03,muskmelon
34,137,216,22.67,78.13,7.23,86.31,apple
101,13,59,27.82,78.02,5.54,13.07,muskmelon
5,75,16,28.09,70.58,6.38,42.89,blackgram
31,12,22,24.24,97.13,5.71,180.81,coconut
27,70,15,27.02,40.98,7.06,53.86,mothbeans
78,48,53,20.45,55.77,6.57,84.14,wheat
44,61,49,17.42,64.49,5.85,71.31,kidneybeans
115,25,31,27.21,77.61,7.19,141.11,coffee
0,135,212,23.75,90.45,6.74,109.32,apple
21,76,15,26.93,50.94,5.95,62.19,lentil
24,65,1,28.07,45.11,6.75,10.92,mothbeans
65,37,16,24.35,77.48,6.62,131.18,coffee
100,69,34,20.03,80.99,6.53,232.35,rice
43,51,35,34.69,54.43,7.39,60.03,blackgram
13,25,31,27.63,78.59,6.73,139.95,coconut
96,13,27,21.38,70.77,7.1,120.09,coffee
59,56,28,26.77,61.27,5.76,3.43,mungbean
48,78,29,13.21,62.38,5.69,77.4,kidneybeans
25,8,38,29.85,47.09,7.12,101.91,mango
0,125,205,22.61,77.54,7.07,77.66,grapes
10,111,205,22.75,90.28,6.18,109.14,apple
76,51,16,22.34,84.86,7.24,192.04,rice
37,49,74,19.15,47.95,6.88,73.46,chickpea
65,55,52,26.26,74.51,6.85,113.79,maize
92,0,3,26.88,80.24,7.29,188.63,coffee
2,56,45,21.42,82.42,6.32,99.47,pomegranate
80,84,48,27.26,79.87,7.29,71.74,banana
128,4,53,31.7,89.79,6.59,30.79,watermelon
34,118,192,21.64,100.0,6.48,121.25,apple
49,73,29,29.76,80.3,6.78,162.78,jute
78,61,28,24.33,78.39,5.88,164.5,jute
101,10,45,22.78,85.62,7.03,27.57,watermelon
33,51,27,25.86,34.71,6.55,38.29,mothbeans
127,42,27,23.34,69.15,6.6,55.32,cotton
111,13,63,29.15,66.26,6.15,39.85,muskmelon
92,0,20,25.05,85.79,7.51,140.5,coffee
100,19,17,19.73,82.49,5.07,142.76,coffee
20,64,23,24.25,56.38,6.96,23.73,mothbeans
33,125,185,21.15,100.0,6.82,127.6,apple
34,65,45,25.56,81.84,7.02,25.61,blackgram
96,32,38,24.68,76.94,6.54,27.8,watermelon
85,50,46,29.21,54.54,6.9,121.27,wheat
27,71,32,30.9,68.95,6.82,78.55,blackgram
107,50,50,22.14,77.04,6.38,105.25,cotton
75,73,41,21.87,52.89,5.6,65.4,maize
15,27,197,22.78,94.27,5.61,94.08,orange
56,62,70,22.08,46.86,7.53,90.43,chickpea
101,19,14,17.71,81.89,6.51,154.71,coffee
17,87,12,20.84,84.46,6.46,129.25,pomegranate
13,56,53,17.95,51.68,6.02,152.78,pigeonpeas
27,129,210,23.69,65.93,6.37,50.7,grapes
14,47,18,16.9,87.83,6.01,114.08,pomegranate
59,43,27,26.33,50.31,6.19,12.28,mungbean
61,68,23,27.75,67.86,6.8,221.55,jute
43,47,42,12.55,71.08,5.75,75.49,kidneybeans
35,25,29,20.93,72.57,7.0,112.37,coconut
23,76,0,26.38,52.96,6.63,64.83,mungbean
29,24,28,28.87,80.26,6.45,100.33,mango
39,13,20,31.84,54.74,6.42,67.36,mango
13,36,20,28.7,97.11,5.32,181.97,coconut
102,65,42,25.62,71.86,6.43,125.26,banana
16,28,209,28.44,81.63,6.66,103.88,orange
28,74,35,23.22,59.41,6.22,129.36,pigeonpeas
2,21,209,23.45,80.74,6.76,74.55,orange
84,41,62,24.42,72.47,6.83,180.63,rice
33,85,65,22.44,47.77,6.86,94.76,chickpea
71,40,58,20.72,63.46,5.92,136.49,jute
23,37,52,29.56,57.78,5.51,86.32,mango
22,129,179,25.18,79.29,7.31,51.51,grapes
29,130,210,24.88,76.62,6.21,88.61,apple
17,71,56,18.68,52.08,5.92,115.11,pigeonpeas
26,57,84,19.85,50.26,6.62,69.24,chickpea
0,65,47,21.6,61.29,5.59,93.85,kidneybeans
32,95,28,16.92,68.33,5.77,40.44,kidneybeans
103,65,49,23.32,57.32,6.31,132.22,maize
26,79,21,30.17,48.49,6.24,41.84,lentil
22,37,10,35.81,56.09,5.95,85.05,mango
134,57,26,24.83,73.82,7.05,48.87,cotton
51,77,18,25.03,94.95,6.11,93.7,pomegranate
13,82,18,17.34,48.8,6.38,15.92,lentil
0,13,207,28.54,88.77,6.23,104.33,orange
97,47,27,30.72,82.47,6.51,204.4,rice
16,70,43,26.06,97.29,6.8,92.22,pomegranate
16,61,13,24.01,76.53,6.25,97.1,pomegranate
34,63,0,30.13,77.02,5.97,137.59,pomegranate
138,61,57,25.84,75.08,7.43,86.08,cotton
30,137,217,27.57,75.67,6.45,91.78,grapes
1,68,13,20.96,39.28,6.72,32.97,mothbeans
109,100,50,34.8,66.21,6.35,134.16,banana
54,82,36,24.07,62.57,7.0,84.01,lentil
123,2,50,24.93,82.51,6.7,71.74,watermelon
16,128,215,22.29,100.0,6.71,116.06,apple
85,49,27,24.99,51.05,6.02,84.3,wheat
18,77,37,27.09,73.73,6.72,131.27,pomegranate
86,57,31,27.26,60.71,6.9,114.18,maize
125,39,9,25.09,99.82,5.88,163.21,coffee
11,60,13,31.36,55.1,6.41,32.25,mungbean
36,68,29,22.96,47.07,5.68,154.73,pigeonpeas
85,3,39,26.48,85.82,6.36,0.0,watermelon
25,77,37,29.34,50.99,6.28,40.96,mungbean
55,29,35,27.05,59.57,5.64,121.67,mango
19,9,37,34.48,60.8,6.46,76.98,mango
24,57,15,28.25,72.28,6.91,29.77,blackgram
31,36,33,28.05,62.07,5.32,62.96,mango
56,62,35,23.97,58.34,5.52,61.32,kidneybeans
1,150,191,16.61,91.9,6.37,82.26,apple
12,47,39,21.74,59.39,6.47,148.51,pigeonpeas
95,86,57,30.63,79.81,6.82,127.7,banana
80,51,51,22.76,73.23,7.12,163.43,jute
96,85,40,29.11,79.38,5.86,95.96,banana
19,81,20,29.98,79.13,7.52,62.33,blackgram
29,8,189,19.38,80.23,6.93,91.98,orange
26,49,32,19.25,64.92,5.8,176.71,pigeonpeas
0,68,13,22.34,55.57,7.09,43.19,mothbeans
10,7,15,26.92,79.74,7.02,158.68,coconut
23,147,218,21.1,92.14,7.34,56.9,apple
15,45,22,18.34,85.42,6.93,98.08,pomegranate
131,68,63,25.51,88.69,5.64,71.95,cotton
84,68,45,25.53,75.7,6.23,106.98,banana
39,61,36,28.63,53.72,7.75,8.61,mungbean
53,46,37,24.79,80.29,6.57,114.62,jute
100,50,54,17.54,57.14,7.24,97.06,wheat
106,33,47,22.99,89.9,6.78,56.79,watermelon
23,65,18,29.1,63.32,5.52,25.78,mungbean
87,51,38,24.71,73.08,6.49,160.39,jute
2,84,13,20.74,85.24,6.18,147.09,pomegranate
16,118,205,23.58,70.89,6.08,92.72,apple
48,52,46,27.48,72.32,6.68,116.19,papaya
42,87,23,25.47,45.52,7.34,39.63,blackgram
66,48,45,26.65,47.01,7.29,89.65,wheat
28,39,20,24.47,47.78,7.15,60.54,mothbeans
113,43,64,22.35,82.23,6.58,58.23,cotton
129,63,65,22.76,72.44,6.47,63.18,cotton
116,32,26,26.1,79.03,6.07,147.95,coffee
9,54,21,25.44,61.97,6.25,37.56,mothbeans
58,81,72,16.04,48.38,6.6,73.41,chickpea
67,47,22,21.58,72.72,7.31,74.14,maize
38,77,31,22.62,41.36,6.19,54.91,mothbeans
85,32,54,27.48,83.86,7.18,186.31,jute
19,49,10,25.17,64.65,6.49,73.92,lentil
22,57,27,27.01,60.85,7.43,60.74,blackgram
20,99,22,27.18,58.31,7.55,81.68,blackgram
68,75,28,19.36,91.26,6.9,220.6,rice
35,124,178,22.65,83.25,7.01,45.7,grapes
20,49,43,27.82,59.01,7.21,89.18,blackgram
18,63,4,22.71,67.72,7.15,69.01,lentil
53,70,10,24.56,73.72,6.71,61.1,blackgram
12,61,31,25.87,60.16,6.31,0.0,mungbean
46,35,39,31.92,68.58,6.17,106.15,mango
119,81,52,28.43,89.37,5.17,119.61,banana
71,46,33,28.56,81.89,5.97,225.56,rice
69,63,55,22.23,82.46,7.42,185.38,jute
0,63,20,27.41,88.2,6.66,81.82,pomegranate
103,5,62,27.68,84.1,6.45,58.36,muskmelon
96,60,36,29.05,87.31,6.61,181.01,jute
47,43,43,24.48,56.78,7.13,83.35,maize
83,61,42,28.86,74.71,5.93,182.7,jute
8,67,15,24.56,62.07,6.8,62.72,mothbeans
38,90,53,15.81,67.89,5.15,79.31,kidneybeans
15,75,20,21.44,95.32,6.53,161.22,pomegranate
15,77,20,26.38,95.79,7.03,121.76,pomegranate
91,22,22,23.35,91.06,7.09,179.55,coffee
16,85,35,27.0,50.65,6.72,45.0,blackgram
16,77,30,24.05,42.2,6.82,50.48,mothbeans
13,17,200,22.9,86.74,6.19,119.69,orange
51,77,85,20.06,55.38,7.3,66.15,chickpea
55,112,209,22.28,77.31,6.34,54.91,grapes
129,46,73,26.23,89.96,6.21,111.45,cotton
47,92,64,20.57,44.7,7.21,75.48,chickpea
77,46,53,23.96,42.39,7.54,129.5,wheat
77,65,49,33.76,78.38,5.91,68.95,banana
10,19,23,27.04,60.93,6.27,120.23,mango
17,64,66,17.73,40.19,6.39,133.03,pigeonpeas
15,22,194,27.23,98.88,7.04,83.5,orange
33,140,201,23.99,85.63,5.79,128.07,apple
85,68,50,22.52,81.85,6.0,204.54,rice
119,53,24,22.74,88.04,6.29,66.57,cotton
21,57,31,34.97,54.86,6.75,37.11,mungbean
70,43,51,28.55,89.95,6.51,104.76,papaya
23,57,30,28.55,61.64,6.05,96.11,blackgram
21,110,204,24.79,80.51,6.39,67.68,grapes
92,87,71,31.92,64.62,6.29,100.55,banana
112,82,29,35.98,93.97,6.36,86.17,banana
46,40,55,19.01,55.34,5.26,106.91,kidneybeans
17,18,22,28.09,84.88,6.21,100.92,coconut
49,65,35,21.15,52.74,5.32,86.82,lentil
16,75,13,21.75,48.23,5.91,95.51,mothbeans
26,68,70,21.72,35.71,6.82,82.53,chickpea
15,55,27,28.37,65.65,6.96,119.43,pigeonpeas
87,22,74,28.06,86.89,6.19,189.24,coffee
42,75,104,15.31,62.94,7.05,52.53,chickpea
87,39,59,20.65,79.42,6.91,174.23,rice
0,63,17,22.8,49.08,6.63,46.25,mothbeans
75,44,32,28.3,85.24,5.87,227.95,rice
64,59,26,31.97,85.75,6.7,78.38,papaya
42,77,48,22.41,67.66,6.45,75.84,lentil
79,57,40,23.98,79.4,6.51,167.38,jute
26,50,0,28.89,66.12,6.86,57.35,blackgram
23,69,52,24.62,45.86,6.41,148.38,pigeonpeas
17,63,50,14.69,66.76,6.41,52.17,kidneybeans
0,66,3,26.71,66.27,6.05,25.85,lentil
50,51,42,30.95,81.55,5.83,80.73,papaya
26,52,55,32.61,95.48,6.93,45.93,papaya
25,69,40,19.56,61.59,6.11,150.44,pigeonpeas
18,60,11,25.06,52.82,7.12,14.87,mungbean
14,20,193,22.08,100.0,6.99,119.77,orange
104,19,31,29.45,87.5,6.99,136.02,coffee
13,74,11,23.83,72.89,6.82,154.12,pomegranate
95,72,61,29.78,81.35,6.34,104.06,banana
74,54,44,26.13,61.52,6.76,98.51,maize
56,54,40,24.5,87.25,6.41,153.93,papaya
89,30,58,27.87,95.53,6.23,50.32,watermelon
32,14,41,31.64,85.26,7.27,194.58,coconut
96,84,63,23.42,71.9,5.03,91.27,banana
9,65,15,31.06,51.97,7.54,45.77,mungbean
84,21,50,27.96,85.93,6.69,47.21,watermelon
31,49,53,18.76,76.08,6.02,92.53,kidneybeans
101,58,38,20.95,52.43,7.84,104.55,wheat
35,137,199,21.24,88.32,6.8,119.18,apple
22,55,41,29.04,52.93,6.57,27.99,lentil
12,130,201,20.31,78.62,6.61,136.83,apple
25,78,0,29.34,59.89,7.83,75.58,blackgram
20,17,20,23.57,78.87,5.61,126.93,coconut
17,118,195,23.71,76.89,6.39,83.35,grapes
30,37,45,24.89,43.79,6.58,54.4,mothbeans
64,43,34,37.85,91.27,6.37,121.73,papaya
1,71,0,17.85,55.91,6.75,48.57,mothbeans
99,28,11,26.61,67.61,6.89,164.7,coffee
122,66,47,20.49,78.98,6.08,99.86,cotton
8,68,15,23.66,50.61,6.96,130.63,pigeonpeas
16,64,37,25.35,56.49,5.63,197.26,pigeonpeas
20,23,207,29.69,100.0,6.72,79.04,orange
107,68,27,19.18,76.09,6.6,124.81,cotton
48,60,52,28.27,84.09,5.78,148.45,papaya
91,59,29,27.21,70.79,6.79,259.76,rice
95,58,48,25.2,64.35,7.49,111.22,wheat
29,131,210,24.07,72.18,6.19,25.52,grapes
17,17,43,26.51,52.14,6.48,82.5,mango
101,31,29,25.12,66.34,7.07,99.93,coffee
139,41,51,21.65,77.49,6.48,65.43,cotton
45,69,9,26.87,65.31,5.99,54.54,lentil
13,90,43,24.77,59.91,7.02,72.37,lentil
71,40,68,23.47,65.99,6.78,106.09,maize
101,63,39,26.47,56.19,6.63,79.66,wheat
92,83,54,24.04,85.78,6.04,62.11,banana
0,81,0,26.69,57.06,6.85,11.69,lentil
18,52,20,18.93,41.04,6.84,65.09,mothbeans
85,72,36,24.34,57.2,6.27,156.35,banana
11,73,20,19.37,51.31,7.6,62.32,mothbeans
86,49,48,19.24,56.35,6.09,92.22,wheat
50,64,87,18.37,48.7,7.02,49.95,chickpea
26,57,31,14.15,72.82,4.75,93.84,kidneybeans
38,148,166,25.3,68.59,6.75,78.2,grapes
65,43,58,17.59,90.1,7.03,110.58,maize
14,70,6,27.09,70.65,6.77,101.84,pomegranate
82,56,35,28.9,76.81,5.52,165.22,jute
15,66,12,27.69,88.69,6.63,130.21,pomegranate
16,3,38,35.23,60.31,6.1,100.23,mango
81,80,38,23.9,81.72,5.92,233.57,rice
104,28,5,26.91,83.72,6.32,142.72,coffee
24,67,32,25.52,45.59,6.24,179.55,pigeonpeas
15,71,28,21.48,50.54,5.49,86.05,mothbeans
140,50,57,28.03,75.01,6.34,85.4,cotton
100,60,40,21.15,75.49,7.29,209.64,jute
117,20,68,26.42,81.52,6.41,9.43,muskmelon
29,44,26,27.15,59.35,7.37,66.5,lentil
20,93,32,32.93,58.13,7.08,16.9,mungbean
74,31,56,21.8,58.52,6.6,133.72,maize
55,28,190,24.06,96.03,6.89,111.06,orange
79,20,36,24.39,89.5,6.43,125.81,coffee
22,150,205,20.31,71.4,6.38,135.7,apple
43,59,35,25.07,70.53,6.82,107.06,pomegranate
38,51,58,17.01,63.31,5.49,57.8,kidneybeans
15,61,16,24.8,65.72,6.47,45.4,lentil
117,24,32,31.18,71.46,6.65,218.72,coffee
28,75,26,22.62,56.05,5.8,76.35,mothbeans
60,49,63,28.31,75.89,6.6,174.95,jute
20,23,42,28.66,47.94,5.28,102.0,mango
99,92,63,28.24,72.29,5.03,61.08,banana
81,28,78,30.19,96.31,6.61,79.2,watermelon
106,52,34,22.02,89.78,6.53,38.01,cotton
92,14,60,31.21,84.29,6.34,23.08,muskmelon
96,28,18,22.49,89.39,5.99,157.95,coffee
20,142,209,28.13,72.08,6.33,93.97,grapes
88,45,10,24.03,77.48,6.32,168.06,coffee
16,134,180,24.58,67.86,7.86,147.55,apple
95,62,50,18.57,68.07,6.23,102.57,wheat
1,0,194,30.53,86.81,6.95,90.6,orange
21,74,26,20.76,67.98,7.06,16.75,lentil
110,5,34,29.58,76.14,6.62,127.73,coffee
39,64,19,27.95,70.47,7.3,54.5,blackgram
31,5,34,18.54,91.67,6.97,139.19,coconut
63,50,40,25.7,80.86,5.61,74.91,papaya
76,46,49,24.33,79.11,7.08,177.97,rice
73,59,51,26.09,93.35,6.06,162.82,jute
100,43,44,21.77,54.44,6.19,104.07,maize
52,32,51,22.51,53.53,6.81,103.69,wheat
102,25,55,24.74,76.02,7.75,42.9,watermelon
103,0,42,24.43,80.63,6.78,52.31,watermelon
43,137,208,26.11,84.87,7.06,116.88,apple
45,76,39,22.73,52.65,6.68,144.99,pigeonpeas
29,71,30,24.97,45.74,6.92,16.06,mothbeans
26,125,196,17.42,88.44,6.35,117.48,apple
38,69,23,17.84,78.63,6.42,63.45,kidneybeans
105,98,42,30.41,75.77,6.39,68.53,banana
40,127,183,21.79,87.22,6.08,108.0,apple
112,52,54,22.24,91.61,5.94,91.54,cotton
88,47,47,22.07,80.58,6.9,97.64,jute
8,49,35,18.47,64.23,5.59,41.36,kidneybeans
38,122,204,19.3,83.26,7.48,50.13,grapes
124,35,47,21.95,65.4,7.03,67.6,cotton
27,80,5,23.4,77.64,6.69,88.4,blackgram
71,21,14,23.94,72.33,6.13,149.72,coffee
8,68,34,22.21,66.78,6.24,50.81,mothbeans
18,1,201,22.94,96.71,6.42,98.53,orange
66,54,28,24.33,64.73,6.4,101.79,maize
26,135,200,19.86,85.65,6.71,75.37,apple
96,25,53,25.94,81.47,5.94,79.7,watermelon
24,12,33,19.89,80.75,6.91,142.65,coconut
51,56,70,29.68,88.2,6.62,87.91,papaya
2,68,10,25.66,49.73,5.7,60.52,mothbeans
77,45,50,25.58,98.05,6.58,161.23,jute
16,16,0,29.84,91.57,6.5,111.81,coconut
38,72,24,16.4,60.14,5.76,75.65,kidneybeans
48,68,56,23.12,70.84,6.47,69.68,papaya
0,22,186,20.67,92.94,7.3,91.19,orange
78,74,63,23.31,55.3,6.86,110.34,wheat
94,3,62,28.43,78.39,5.8,91.95,muskmelon
24,10,2,20.72,83.95,6.28,133.1,coconut
29,144,181,25.22,84.65,5.47,94.96,grapes
85,39,15,24.75,76.77,6.09,168.1,coffee
12,66,16,27.44,27.3,6.49,47.35,mothbeans
0,0,199,23.3,86.66,6.46,72.43,orange
75,39,48,19.3,55.23,6.8,122.15,wheat
101,77,68,31.23,86.28,5.84,154.63,banana
7,82,19,21.34,57.98,6.36,68.99,mothbeans
21,14,0,28.02,86.19,5.74,161.33,coconut
105,56,36,28.47,50.15,7.17,102.48,wheat
62,42,38,19.96,58.45,6.26,126.86,maize
21,59,18,23.51,65.91,6.35,22.78,mungbean
28,102,44,14.99,64.24,4.91,62.99,kidneybeans
99,41,32,23.41,50.58,7.12,100.07,wheat
65,61,43,24.81,77.23,6.75,118.46,maize
17,105,8,25.24,60.48,7.12,48.24,blackgram
107,31,46,25.03,76.37,6.68,29.01,watermelon
15,0,204,22.85,93.47,6.48,101.86,orange
3,134,173,23.01,93.62,7.34,105.15,apple
0,25,169,22.79,66.05,6.08,87.73,orange
108,35,19,25.15,68.77,6.21,151.26,coffee
110,75,40,20.78,81.23,5.96,133.4,banana
11,165,222,26.48,87.35,7.71,119.21,apple
0,5,209,29.48,93.34,7.08,93.87,orange
29,76,8,32.87,80.93,7.2,99.76,blackgram
105,33,61,24.95,76.31,5.65,74.4,muskmelon
11,76,20,25.19,42.34,6.21,38.53,mothbeans
92,44,47,21.61,78.27,6.62,157.17,rice
8,84,23,25.91,43.42,5.89,35.76,mothbeans
0,123,229,23.83,100.0,6.91,91.45,apple
45,29,30,30.65,57.37,6.2,44.36,mango
68,39,21,25.21,75.45,6.98,138.82,jute
104,13,63,27.38,78.7,6.11,99.09,muskmelon
62,47,53,31.44,91.33,6.89,71.27,papaya
96,65,66,33.3,79.67,7.08,107.28,banana
109,31,23,25.32,75.13,6.48,156.84,coffee
12,131,210,22.55,94.88,6.38,101.45,apple
27,33,9,23.01,74.67,5.91,164.88,coconut
22,62,37,25.91,62.93,5.8,49.14,mothbeans
24,45,8,32.27,47.56,6.87,33.73,mothbeans
43,10,16,31.49,60.08,6.2,39.65,mango
36,64,72,22.23,48.55,6.68,108.03,chickpea
23,61,17,26.3,41.68,7.47,4.47,mothbeans
109,44,51,26.35,82.93,6.56,34.29,watermelon
87,28,81,28.5,69.07,6.32,58.06,watermelon
25,62,17,25.18,63.95,6.35,71.32,mungbean
37,9,34,29.85,60.0,5.89,82.32,mango
13,0,205,26.32,89.38,7.69,82.93,orange
12,66,9,26.09,56.99,5.85,56.04,lentil
29,125,195,18.89,78.02,6.26,62.1,grapes
114,26,78,23.95,91.58,5.84,58.93,watermelon
87,15,57,33.16,89.84,6.74,68.27,watermelon
93,9,54,23.48,77.05,7.08,102.52,watermelon
128,60,55,21.49,78.55,6.97,50.42,cotton
119,27,42,28.1,77.85,5.91,36.14,muskmelon
20,153,164,23.53,95.74,7.07,108.38,apple
27,143,207,22.69,68.73,6.64,37.7,grapes
82,14,39,26.63,81.12,6.17,172.69,coffee
98,39,31,20.85,94.0,5.72,121.62,coffee
26,142,215,27.59,91.0,7.05,101.21,apple
17,56,43,21.72,90.31,7.03,96.12,pomegranate
30,83,28,28.82,47.01,6.5,21.67,mungbean
103,0,45,30.29,81.88,5.77,23.96,muskmelon
81,45,48,25.69,79.96,7.64,123.51,papaya
7,13,184,28.78,89.9,6.64,85.57,orange
121,92,15,23.99,87.56,6.08,79.41,banana
26,97,0,26.35,77.71,6.49,103.8,pomegranate
23,61,27,18.48,58.71,5.72,157.91,pigeonpeas
26,99,204,17.03,95.17,7.24,86.84,apple
20,13,199,27.89,93.24,6.08,82.98,orange
28,28,7,27.78,95.54,6.79,151.44,coconut
82,47,58,15.05,90.73,7.12,153.17,rice
0,75,20,18.96,87.48,6.74,124.74,pomegranate
43,58,11,20.76,62.31,6.27,160.7,pigeonpeas
43,96,16,28.33,61.67,7.0,98.32,blackgram
127,27,20,30.65,93.72,6.32,72.93,watermelon
24,43,86,25.1,94.18,6.21,112.73,papaya
33,71,22,21.5,71.26,6.62,132.62,pomegranate
78,34,47,22.05,60.77,6.79,135.96,maize
2,64,83,16.55,53.09,6.9,118.89,chickpea
36,71,18,25.39,65.58,7.37,31.42,blackgram
47,78,72,16.39,41.66,6.76,66.2,chickpea
106,27,1,33.62,82.13,6.56,122.55,coffee
27,69,41,19.56,86.12,6.53,130.33,pomegranate
87,14,68,26.18,70.04,6.47,53.04,watermelon
34,81,24,16.52,56.01,7.1,24.81,lentil
99,29,43,26.73,74.5,6.12,58.13,muskmelon
67,47,59,27.42,85.27,6.26,95.46,papaya
100,36,46,21.26,80.75,6.87,169.64,jute
13,74,11,30.59,66.21,7.15,40.44,blackgram
28,0,209,18.16,89.29,7.06,86.21,orange
32,71,30,23.27,65.24,4.89,162.57,pigeonpeas
3,82,37,26.11,52.78,5.98,29.91,mungbean
43,71,38,23.98,97.22,7.1,110.8,papaya
59,56,56,26.16,72.97,6.12,69.45,maize
86,15,24,18.44,81.4,6.62,182.08,jute
111,68,66,25.84,94.63,7.62,80.62,cotton
15,0,209,20.66,100.0,6.48,68.84,orange
34,51,80,22.71,42.74,7.76,87.77,chickpea
23,73,59,20.96,71.95,5.57,42.77,kidneybeans
18,131,198,19.86,87.12,7.52,87.18,apple
45,87,90,21.24,53.71,7.02,88.95,chickpea
87,37,67,25.34,90.38,5.41,85.11,muskmelon
77,81,39,28.81,67.06,6.17,89.25,banana
89,10,64,30.67,92.59,6.76,57.32,watermelon
106,67,52,23.03,88.95,5.93,79.37,cotton
87,83,64,29.78,80.27,5.82,128.69,banana
19,125,193,22.53,58.04,6.7,53.86,grapes
72,37,39,25.87,74.11,6.75,191.74,rice
123,76,53,21.88,77.74,5.93,116.4,cotton
92,103,48,26.74,62.27,5.9,125.91,banana
35,56,39,15.59,61.9,5.59,53.06,kidneybeans
55,60,90,16.72,57.12,7.09,88.83,chickpea
26,50,13,27.01,68.4,6.36,0.0,mungbean
15,55,31,33.07,68.36,7.11,30.06,mungbean
21,65,14,20.77,81.55,5.44,91.6,pomegranate
26,66,2,28.77,80.14,6.56,40.67,blackgram
46,56,64,15.43,58.9,6.69,113.34,chickpea
40,59,33,22.7,99.03,6.32,88.99,pomegranate
35,4,26,26.99,56.01,5.82,94.42,mango
45,56,51,20.68,79.64,5.6,82.81,kidneybeans
0,82,24,25.68,80.19,7.04,34.1,blackgram
33,61,19,23.82,66.61,5.97,43.71,lentil
29,28,28,24.22,86.54,7.23,144.82,coconut
98,46,39,27.98,69.45,6.73,159.13,maize
67,47,46,22.96,58.38,7.61,106.34,wheat
100,30,41,25.48,79.59,5.71,70.38,muskmelon
1,73,33,26.87,65.81,7.15,76.59,mungbean
123,36,59,28.22,85.18,6.38,40.21,muskmelon
82,95,49,27.26,77.77,6.39,124.58,banana
0,86,11,26.06,90.93,6.06,126.51,pomegranate
109,4,52,29.68,83.41,6.19,25.22,muskmelon
47,31,33,24.99,91.43,7.48,132.78,coconut
97,20,27,28.92,70.18,7.36,146.79,coffee
70,60,30,22.66,86.04,6.93,174.99,rice
30,82,20,25.69,40.81,6.16,19.57,mungbean
113,37,59,26.35,86.13,5.74,51.66,watermelon
6,144,215,20.26,90.86,6.43,85.46,grapes
76,63,36,22.12,82.92,5.95,188.39,jute
16,139,193,28.23,78.99,6.84,93.65,grapes
124,48,65,19.85,75.23,6.07,78.03,cotton
78,53,39,25.76,61.2,6.94,71.35,maize
108,41,63,19.04,73.9,7.22,91.1,cotton
24,52,8,21.09,50.88,6.19,62.35,mothbeans
0,19,49,29.58,57.42,6.69,79.9,mango
117,28,19,28.27,93.3,7.15,123.34,coffee
132,37,42,26.27,73.13,5.96,55.53,cotton
27,90,34,27.43,38.9,6.88,48.67,mothbeans
121,46,56,21.75,80.53,6.31,39.46,muskmelon
5,33,31,24.7,52.59,6.23,81.67,mango
61,67,63,29.7,93.55,5.96,62.44,papaya
26,70,55,18.0,52.2,5.61,159.48,pigeonpeas
85,49,18,19.18,53.85,6.2,110.0,wheat
46,63,54,32.84,94.58,6.27,55.12,papaya
16,50,20,23.48,56.51,6.72,26.23,lentil
109,54,47,20.13,71.44,6.03,112.14,cotton
9,53,0,23.91,80.5,5.79,139.73,pomegranate
42,98,42,15.29,52.61,5.93,92.6,kidneybeans
34,92,26,24.83,52.94,6.65,86.71,mungbean
60,56,44,23.75,84.77,6.16,210.81,rice
48,79,61,13.03,60.8,5.43,83.04,kidneybeans
90,59,49,33.63,86.44,7.1,127.06,banana
27,62,9,18.73,54.44,6.74,27.43,lentil
20,33,20,28.2,59.75,6.0,104.62,mango
72,26,49,31.4,79.62,5.9,78.06,muskmelon
45,80,20,32.05,42.9,5.83,0.0,mungbean
12,113,191,27.19,78.07,6.5,110.85,apple
73,51,45,26.73,54.24,6.94,110.2,wheat
106,51,36,27.26,78.73,7.43,174.9,jute
102,27,62,29.37,83.63,6.43,113.73,watermelon
35,90,83,21.49,55.33,7.21,95.97,chickpea
10,12,35,32.4,63.97,6.78,88.31,mango
11,84,48,23.82,57.97,5.61,70.79,kidneybeans
65,47,37,28.59,85.56,6.63,174.93,jute
15,136,197,22.37,100.0,6.44,80.93,apple
30,58,14,23.99,84.67,6.87,59.63,pomegranate
105,89,47,28.63,77.3,6.0,98.13,banana
3,34,29,30.11,58.21,5.61,101.41,mango
29,75,50,27.17,62.46,7.06,86.79,blackgram
